# Format: McCode with text headers
# URL: http://www.mccode.org
# Creator:  3.99.99, git
# Instrument: ODIN_MCPL_TOF_train4.instr
# Ncount: 12787302
# Trace: no
# Gravitation: no
# TOF_TRAIN: 100
# Seed: 1000
# Directory: Filterscan/0
# Nodes: 12
# Param: l_min=1
# Param: l_max=11
# Param: n_pulses=1
# Param: wfm_delta=0.3
# Param: bp_frequency=7
# Param: WFM1_phase_offset=0
# Param: jitter_wfmc_1=0
# Param: WFM2_phase_offset=0
# Param: jitter_wfmc_2=0
# Param: fo1_phase_offset=0
# Param: jitter_fo_chopper_1=0
# Param: bp1_phase_offset=0
# Param: jitter_bp1=0
# Param: fo2_phase_offset=0
# Param: jitter_fo_chopper_2=0
# Param: bp2_phase_offset=0
# Param: jitter_bp2=0
# Param: t0_phase_offset=0
# Param: jit_t0_sec=0
# Param: fo3_phase_offset=0
# Param: jitter_fo_chopper_3=0
# Param: fo4_phase_offset=0
# Param: jitter_fo_chopper_4=0
# Param: fo5_phase_offset=0
# Param: jitter_fo_chopper_5=0
# Param: choppers=2
# Param: target_tsplit=3
# Param: filter=0
# Param: repeat=1
# Param: v_smear=0.1
# Param: pos_smear=0.01
# Param: dir_smear=0.01
# Date: Sun Mar  1 17:38:51 2026 (1772383131)
# type: array_2d(90, 90)
# Source: ODIN_MCPL_baseline (ODIN_MCPL_TOF_train4.instr)
# component: PSD_cut
# position: 1.69078 0 -1.24822
# title: PSD monitor
# Ncount: 153447624
# filename: PSD_cut.dat
# statistics: X0=0.03847; dX=0.288102; Y0=0.00841529; dY=0.277816;
# signal: Min=0.442238; Max=2.55939e+10; Mean=3.35587e+07;
# values: 2.71826e+11 2.66571e+10 690731
# xvar: X 
# yvar: Y 
# xlabel: X position [cm]
# ylabel: Y position [cm]
# zvar: I
# zlabel: Signal per bin
# xylimits: -0.5 0.5 -0.5 0.5
# variables: I I_err N
# Data [PSD_cut/PSD_cut.dat] I:
22207982.55 143947413.2 4340272.014 57010841.42 2509.066877 57389145.87 2785248.478 139517.8881 11252069.01 8831497.277 12004648.02 27106496.7 853587.1534 2840774.069 4688030.896 30310747.42 174427.4881 18157531.53 190534.1887 6433653.705 559080.8792 2871202.177 42531925.96 26703674.33 53802740.3 6021240.12 8143.790053 19955162.93 53447908.79 10305509.94 72584583.95 8212487.335 101683032.7 29367051.02 4434445.84 343709.7259 26206633.52 24668050.53 1366453.236 4671.867596 4619954.65 1959800.041 34950503.03 57072657.33 23935228.11 47165070.99 14268443.01 52905414.36 4921337.834 3863151.934 43608450.97 15643236.6 52464616.64 86240755.57 18339248.83 7437314.444 975046.4033 669428.1617 793908.5816 1155985.524 119779595.6 17484917.18 12631597.88 132441.2471 542268.9594 74368139.3 5972234.421 50394974.12 0.4422375846 47729565.22 53887382.84 26453402.23 38018282.8 2001185.634 28868948.58 1390650.726 46042414.54 18243879.22 4164159.886 70381.94595 63609213.34 65023654.37 441301.1029 24650030.62 26486586.19 32739708.65 39739541.65 1779612.574 1023460.925 6996001.561 
14773819.59 123310.2564 86065.09911 16057126.52 24036210.11 32482750.39 2986433.011 38092614.17 22131384.87 76622947.87 155752035.5 14430552.53 11530896.38 126248700 1800037.304 539341.8001 18566436.22 96977.42582 12924712.36 45850690.4 48882610.32 13435034.78 13715.88424 16162160.12 5945343.287 12056239.6 991.7651319 1367570.72 17453536.23 16800291.79 51909.14154 5093976.936 26336411.09 3674694.107 6545703.106 111624544 23054053.42 74959793.53 1127832.4 139279254.5 53154495.03 160118570.4 228362117.8 15373716.36 72517.04094 10991229.46 32219039.69 21434709.86 70485111.2 10272833.17 17840032.47 1476459.262 9904 6206812.045 17911098.12 23374.17747 14211855.18 9028.363782 16421140.71 778202.7901 35283360.28 17182957.36 1866046.412 944666.2632 9510445.762 20828578.77 11301638.4 272154.9063 4426833.2 29562740.33 14202.97733 7185699.813 40917152.09 130343231 18079939.97 24615346.04 65735488.89 8906168.805 298621.8973 58888392.8 45000049.05 13487040.79 9780705.685 35875753.47 86804.38406 222507.2696 18175889.41 65304964.48 4913734.489 21203790.29 
191994280.8 61490691.69 16245942.5 12736.85917 439246.4564 7200251.858 21237662.73 250802030.2 28196539.46 283281.4019 23314770.22 400301958.4 2029493.106 33649360.47 21372202.97 32506859.79 7879276.719 24980323.91 7012159.182 1243527.862 11522476.15 18411661.53 14471817.68 1456342.277 66428515.98 8564475.258 243546.3894 10547876.94 6008148.442 10095046.51 2487688.711 2957.070612 2268464.909 1216723.391 18740945.23 2859060.519 3575943.987 129470503.1 35618896.33 2478739256 10760384.71 24207298.69 44902650.59 661.0436176 14297105.61 5861031.052 1220168.83 8030950.056 17413635.94 48322783.15 8606067.409 2473403.538 132247067.3 122872602.9 29995227.77 31398801.48 3261.331281 111922107.8 64097888.08 12336134.83 37074.0858 7347382.662 3402196.1 15938498.91 3806.318463 68523930.99 26415741.01 667015772.1 2737264.889 1543715.006 2389339066 946.8842617 42243.87892 95852169.13 6054963.448 829367.0997 74080423.42 52327648.98 90178188.05 89978861.09 49021171.51 155875.0631 36547675.46 1162777.509 12654441.6 129216.745 8330873.036 3542853.028 94829.97654 18271.71816 
3115338.699 9685682.534 305291180.2 28623.68421 82681127.07 102180585.8 7423188.128 64492636.64 2769563.401 7461614.061 33438217.41 6014755.403 1404432.082 24282935.28 3752674.562 5090003.658 55121385.95 279283.9751 2043564.562 7148324.826 76314618.14 616964.733 29154553.73 12779599.56 8552526.12 230342497.7 4816801.881 232658.112 27954959.64 896855.7664 30368.91068 16295164.23 10476940.45 53824807.18 27222.08076 417954.1296 16203155.84 11089188.1 8761638.524 53722479.84 38865554.57 3711038.177 6147122.848 18294386.85 27901998.96 6536031.923 35789129.55 522070.301 10869809.38 46892930.8 249749.7582 20837182 5819314.394 107148403 1797078.427 180214.3458 1193461.555 6172.292409 10527847.85 148682965 23472.20925 77024352.75 136865.5645 71471.72587 711460.0047 76906227.74 139969.0165 7226509.335 4929812.925 72635782.05 48290716.29 37152112.21 27025213.34 1391.809193 15580957.63 9636981.892 1314020.104 36734049.51 149848.5973 9621921.987 2468073.155 2663092.214 143544.1512 7407029.778 14435.5545 33018.56775 44917161.7 11576279.43 9592441.958 4951958.192 
3957706.189 297323.7648 4792672.62 6979799.609 2946503.082 20483934.29 24973964.96 22557016.64 15605956.93 570166.0833 44596.31913 31233010.38 6659649.422 74293656.45 13819517.43 2155551.69 500.9736089 16843241.7 201173635.3 2585031.94 25378145.89 3441266.362 23562021.94 53824315.67 8410780.74 1218.853243 4368205.685 2143805.734 502690.0532 66439866.42 37173305.22 3318524.216 9251740.862 14050452.28 7375630.225 40183479.95 4437104.259 16360465.96 6673078.811 91126.00502 60808748.4 3468518.697 10865.07173 7093904.17 30826420.5 198786974.3 5359144.234 103268.6539 1855286.049 10399.89969 71499523.68 4354496.531 6191193.28 3162758.804 3796331.977 14809103.21 4121134.213 2131357.683 588388038.6 47042141.37 2332043.584 17513685.38 530514.8481 340837.4798 2928175.5 5653178.323 11745.92104 591586.9099 198706.2465 1720178.603 23456567.09 3105164.305 185764.0884 17226714.86 14074426.99 30555245.59 2270555.93 5134190.954 94043076.3 2578706.899 13583523.78 145000077.2 1106.576671 133792284.7 7829241.181 1489040.467 58399030.94 656376.8277 17566342.25 120364602.3 
642938.4445 3247406.401 238766978.3 6189000.991 16633587.64 3627979.105 43334815.77 73438649.04 28639.41462 2180690.914 4305673.932 7643050.741 409634837.8 587270.0977 1705640.549 519227.2816 79849288.52 20309716.06 10464855.31 25489526.82 10406326.96 6459186.184 6779978.358 106283.1891 11514604.04 18930591.55 1544819.53 11112740.1 263159.1043 9113.568324 36303.36573 291925.395 197582930.7 14031757.33 62808145.89 1163515.7 274402.7047 29102829.68 657089.4637 9205573.993 12428934.28 11913600.93 777.2273472 3610510.533 6181469.963 29920903.94 49598928.45 2678833.706 848164.2285 3893987.782 15833058.58 46127684.29 16445921.74 2706219.359 46024910.46 8788104.387 13478407.51 45624124.74 42798005.74 368.7660542 40929826.96 781161.7431 12876768.32 773971.8087 54962670.62 5610756.896 58502850.42 11158039.43 2866429.426 7844425.473 670812.1962 11371608.32 12526794.54 123383.3362 407813.9278 28499174.41 718719.5086 81294994.52 3379887.076 2552351.95 80521.27082 28314356.43 4077053.708 2722.75285 6442019.438 25209.95595 22600.55755 102338332.8 11609631.39 2219931.231 
303780495.5 26886214.68 331115.4535 34043332.02 645296.5903 88764.47644 48279758.61 65011865.54 9597376.142 143502374.1 84080731.58 74207323.94 6812720.077 30493123.63 7283728.697 231669728.3 195887.7369 26126320.74 82343247.55 6895.59994 4483575.454 22400590.02 88358601.15 13873630.9 17034856.13 1246021.26 14763472.81 6715670.162 6978285.343 5025442.915 449364.8225 22632089.87 1091249.676 15208017.76 3254839.383 1092.723253 29201198.3 27139172.32 1476625.21 775463.5034 1517382.727 6523514.241 44552632.43 18240540.17 14488716.13 38458447.05 59170390.8 27887023.31 85698.5844 984.1274665 24101812.62 103882428.8 29235787.06 25152227.78 18937.55967 13251681.46 5527196.089 14218415.38 580603.6513 84898358.19 79994158.79 12295.61403 1536441.407 88453968.56 402063.5985 8439701.416 297357.3159 151709.6568 814496.2625 16895.19879 1184.997448 53557.72998 27936743.57 39672069.37 17930495.93 14421.73117 4125363.077 3351059.965 501818.3105 7043150.193 36097235.7 5305370.885 1843089.548 92149254.94 516.5737734 4125.145514 112953870.9 57519302.6 1795984.581 148176.2856 
65660.66883 18611624.01 72376806.67 373626.7678 506467.2606 10282.48733 8932.703696 41547515.58 528232.5549 302258.4758 2659993.793 47821774.37 10459679.53 669979.8726 3751383.489 1782646.869 7032749.677 34.54947398 51683197.98 24513112 109222528.7 18163032.52 4390694.336 12112617.44 4570713.625 30212933.94 22515258.33 863099.5703 25169557.92 948489.3965 4717619.656 3189549.609 57356440.6 116634976.5 2593899.594 10591254.8 6888860.343 1580502.432 16486769.63 17481124.09 1094754.283 1250032.34 28090.86273 6949647.881 2297322.653 10375809.09 31351039.3 10028140.48 160165.1193 8160.309128 76854216.68 12905724.39 71882.23053 62418726.42 8053408.142 22990331.45 11353650.55 1134347.811 20209040.69 7141229.314 580.0215382 4318600.401 138744.8469 285399.2052 28225812.49 19412.71195 12882259.82 238889.8657 27382174.38 3814205.488 44667088.2 1301743.509 158662593.9 7846891.212 256977.5895 16103928.07 6127834.872 9874259.548 15326319.82 19620.59878 2237323.559 45898483.47 2522426.784 41223602.73 5010162.511 46862489.62 402560.8212 41826679.95 165228.3509 8295907.636 
564122.8999 2127845.454 464985.1641 11423775.09 5840046.148 273956.4558 6891080.153 3395344.478 10214878.41 17601039.58 20102.73393 3527291.257 1889647.382 71026789.82 97117110.32 51047036.06 5573727.159 978678.9367 194551578.4 351529.2833 24092879.39 65179360.62 37422493.92 573282.4073 311774.1869 6174693.199 154275629.8 26770122.94 11553744.63 851175.4268 423316.1165 116876304.3 2197100.079 6975562.27 758572.0459 12221881.7 25081504.15 15953430.64 18406577.47 1529785.662 345385.8454 67867161.49 30986660.79 12218688.6 12475707.61 4718039.829 3665380.402 38673410.83 13769461.5 3823515.584 1111003.232 104582119.2 17667545.43 15020174.24 1832207.91 1372511.527 13233972.34 2564479.591 73162031.42 271734.4441 199376.404 19579330.31 40639486.52 2150559.775 217555.3217 164892416.8 40700568.94 8207749.843 480522.0867 1447165.83 32219689.4 370.6140938 3884155.936 35696674.47 42732.64575 114211042.2 10605.59965 17624929.01 14626039.05 26103539.36 332411787.2 32260745.01 7170812.764 25590401.42 741137.6845 3917.69194 851386.7502 12053621.61 28793464.01 8160522.217 
25039438.86 1591547.078 115053306 46969461.73 2725816.52 1047420.219 17600529.27 5758321.935 13424481.23 34621.27642 90949146.7 714150.8754 14940142.6 35807036.77 23164030.92 2229628.878 49152181.64 271918.1372 18723552.8 876187.5723 11223583.52 13876461.74 139987687.7 82729822.54 62866589.37 2282236.437 24907259.34 24564.16712 3538.802222 21474305.83 557534.3131 14118712.47 163068.8789 359015.7876 1058.102903 8417627.023 8635790.063 500162.2693 15582831.71 990717.5137 259586.4135 251814.9631 44837463.23 52647777.37 297778.234 132360.4644 2213629.751 64475296.73 186113296.2 626431.0468 8735427.975 91781458.53 110349740.4 27587586.16 67114426.06 18888758.27 52890629.83 5936321.629 108440950.5 1540763.225 2331853.741 2236640.506 2999983.728 1205162.108 2384794.049 33990882.09 12712866.99 47953659.9 19829729.37 5540347.179 86832903.13 32660520.35 16263058.49 6709278.594 538205.2623 2351985.138 2774287.037 4.668877757 5160662.772 4813.990229 38002995.93 2885512.269 58380274.02 234020.8654 8668100.071 434360.7562 153407178.6 20759815.9 52779980.56 263462935.8 
19757.41687 4150544.149 2212926.029 28324464.14 193945.691 230599.205 22440963.29 57022305.9 116316.775 44632373.51 6337301.456 26979138.83 22724917.79 87381813.61 11507122.9 10817377.36 86433.66384 2365.062313 9102450.358 96411944.8 1346761.487 4382267.161 12988013.14 27837042.14 13342017.24 93873291.59 1558179.039 148129438.8 38585287.22 45191327.54 4743825.309 6348642.663 12332635.85 9834430.945 88141519.13 328126.1604 6473382.932 5516139.52 3963.12404 74979840.52 52040268.52 13366821.31 20760.67184 21594198.51 36050113.62 5059905.917 76504.03745 41135175.11 11463741.31 35762969.44 392570.5192 6961920.93 138061678.1 220176.0828 2765739.78 13650962.74 53693480.81 6990894.379 7374086.032 74148334.27 3454076.655 70163454.77 500315.5466 14151395.57 63818790.96 5899208.107 6987598.47 22242275.51 76017.17195 2462887.772 3146188.389 118364859.2 37356913.82 47643155.27 10398667.85 35969239.99 12891223.51 9137896.43 3341449.369 5579784.533 41273674.62 287984528.1 23674533.48 50325275.61 129340.125 510462470.4 11817713.1 1450052.641 12939269 15264401.67 
26432362.47 50.43102275 1316188.769 927.9152229 55207487.55 13207540.71 29077891.42 7339926.965 5007140.324 7888363.217 49066773.7 142479.3504 793253.7557 785284.134 117485402.1 210895934.8 11221107.52 14889716.7 36947007.91 501261.062 2161.655766 154367093.3 23340.32995 1231.279726 1444339.091 72257711.24 4037.302226 24558655.54 12580855.6 668916.5328 18450902.87 26023904.14 448930.1574 56869335.45 1863050.273 1781246.177 10815446.91 50464.64749 2655980.798 80448319.11 164648.2648 38400.15241 2260765.988 11307162.92 23108506.56 34526247.37 66291437.2 3379065.084 15969803.16 10648007.49 358993588.8 5384472.375 75217.43089 36637083.32 3874771.472 18238425.63 477946.7533 162077.2473 4162740.917 6381837.324 313571.9478 56629630.4 3046186.886 163691575.7 1118140.663 9012271.002 25818816.77 5192264.956 53161431.39 28676890.55 23551947.98 12157824.63 644252.2152 6024401.388 110192.7187 11411905.8 2064821.207 825083.4456 20818078.82 12083.20388 3304807.252 18420777 2621928.921 1692149.884 61729509.57 7658676.128 34201828.79 687414.5143 2114430.602 45091024.76 
1297.683459 60312803.79 12285546.41 128558.1713 22747790.96 6774163.068 37675150.44 55308695.31 109986995.5 9566006.154 478558.5938 1706759.056 202180.715 8283435.155 1310080.37 5158013.688 3524.915426 11418238.21 216.0413519 9717.792542 45755434.61 2019061.658 2937130.808 14788979.68 26277570.7 116524833.2 334004.8972 12542374.4 827090.0686 514050.0084 30688711.71 66040192.48 6364404.329 6319881.326 21499070.45 1732019.796 7228916.011 6527218.824 126948.3706 101139.8753 9801936.839 7014320.817 25925477.4 1420061.313 1010212.185 375411.1368 6738677.246 68821725.26 16025575.83 33948511.3 150708267.3 150163169 23507417.01 128.1758338 1559.822019 111310774 45130875.48 22894014.99 54008394.28 401217.7221 14987582.07 672172.6923 21234031.87 63311321.53 25109319.8 2426214.472 36594.44182 71347313.54 20821740.37 31031338.58 101.5096423 28245218.01 1564674.382 12060384.74 1975020.999 3786628.279 8803188.887 5943.853835 7924.054981 641062.9243 31150620.01 42680512.26 328241.7978 216955.6237 58241618.6 218750.855 249166.7246 72895366.3 120072.6332 37072240.5 
123230.9319 4448076.514 31847340.12 9198271.941 63993000.2 14433642.42 64742315.94 498882.6551 57030768.48 5259308.968 4958377.484 385884.128 52487683.22 227841.5813 68403242.61 415753268.4 266458.0785 9255670.787 4590081.012 6568662.778 4836068.479 18936367.94 7776079.143 33443756.72 6019556.799 687757.6662 387996.6447 52947075.66 1625.537176 13988422.14 15269366.72 80710.45568 78955798.92 94911272.49 75072247.27 261950194.9 11744237.84 70835482.88 130933.6264 1784737.646 14991889 10911219.19 21189390.55 27014487.14 14901783.64 24570641.01 4062330.816 5933.91563 3382658.869 42841388.38 520910.6013 23510237.44 6289375.56 5853505.759 4992300.727 523176.1783 932031.3877 12324018.94 13750174.66 8946460.013 548710.6489 6578090.531 2392297.355 10121901.91 477.5099927 4020196.084 2138537.409 918.4223944 1083510.104 7488048.276 6025393.044 13616603.06 12809848.37 143733277.2 1494356.381 8975612.518 96539083.15 582587.9242 7421.629353 11791607.05 67128854.03 183230075.5 48245557.18 35318593.38 113131857.3 41985341.53 2161188.771 427889.1785 5898743.588 1379076.62 
430002.4549 11561631.88 12796209.92 25975702.09 10289139.92 23334210.35 46075676.68 47436.12014 5052.587082 8771504.173 27753986.9 257963780.1 23840497.33 14935671.11 21123454.51 162376.477 62665651.3 9765766.034 7973890.451 56790567.95 169603.3907 106752225.5 2114487.753 96200945.51 26621390.3 51269409.47 414470253.3 27678202.1 2532955.324 35374030.47 76593163.01 52882471.83 91283303.29 15983256.54 36344436.3 6841429.66 4014119.496 33259814.62 100888413.8 1515256.701 28586544.19 8737450.682 70129169.96 224499.2825 2295241.795 751.2940803 950485.6122 24499821.52 20534949.55 2809499.727 22745581.66 29004.02614 40626277.59 2731612.455 85145092.09 48960076.67 20765.13669 940423.4198 70532985.13 561454.7439 5427930.867 1507066.853 5466.601718 36039321.87 5290673.034 5655375.677 197774.5624 29683780.43 55930953.88 479381.4747 267121.6109 2540232.04 28739149.57 25097048.92 1383512.72 14551744.57 136615801.8 13668.24512 6714992.771 1672009.335 74445228.75 2943.386242 3362423.678 93433202.91 9697182.917 27508182.53 23916848.09 8696287.539 45729499.28 712674.488 
86705445.89 20187862.15 58251907.94 25674376.59 69548553.97 3456314.462 442790.6617 1853135.94 43383613.19 22404294.98 4098368.011 324851.5975 43276495.2 1757141.245 1316659.055 2347151.362 3879315.805 36385238.91 1218501.693 10714423.72 31972551.27 342511.0556 2398451.874 4466774.656 45127416.78 13488076.29 11854.1495 611860.4835 22991212.65 23935198.8 77348.80082 4839308.55 3194523.146 21238921.3 7164562.724 54051762.58 25651149.21 28134.04808 142260.7967 1847203.833 259868.4273 3920974.298 275109.0184 12507895.82 62036481.18 11580508.47 19668496.19 3724854.336 70895284.97 37511050.4 14229301.87 4227787.932 34076395.14 126285043.4 22240172.63 442421.1479 430190.9925 104685376.9 47837456.97 76088366.69 1497636.002 8961054.077 2925389.937 3759959.898 17293.37503 54150391.87 9445428.784 20703035.21 10623.73388 86963.20592 14216993.69 22507784.74 14401505.32 74484789.4 73829.18805 1330436.021 18413395.73 157584584 267429.0959 3600.955095 2973514.243 20967456.74 23206313.84 15607850.33 7344197.645 80825340.23 233836859.5 6489378.438 35278.58514 116236822.3 
1081995.643 21242.93556 947861.0002 38803461.12 9283595.936 44109512.22 839094.0784 3919498.193 92470475.94 67371290.53 36421436.41 25794454.31 8920764.918 16754309.39 2655410.434 5530175.328 466592.0306 3608142.454 72189217.9 10004925.19 40192074.74 3343762.381 6288147.566 112908180.6 13357400.9 1861146.914 70028630.28 4968417.179 15353571.26 27833494.62 24265855.9 8965.015078 28416.82009 17800810.97 4915980.435 8241739.901 4279.136261 59882.16225 274832.5382 82320532.39 2602538.077 7626947.718 37768435.87 68991959.91 110300637.7 165308.0158 6814569.358 5176314.68 53010793.09 56398171.39 4908590.194 157707762.4 99600264.03 12249.62884 89002263.24 1041416.573 29878414.88 55131406.26 9622409.033 53252163.91 229690.7577 2797538.263 7024511.112 5488230.417 46276002.83 20120867.07 40113610.01 7930450.573 4585941.325 12332022.29 12491505.88 2027243.515 595944618.7 6239761.334 10754347.49 879406.6553 32864229.56 9267544.986 123941204.6 1076779.566 3683277.832 18311280.9 1750885.466 14732738.21 55687196.4 115961732.3 6880799.188 61347926.46 7700858.693 1842397.5 
1827015.44 22924444.55 27608626.99 3049021.574 1168096.968 1272.508101 56557.11468 50928893.37 140357802.3 56585484.52 6112685.352 46155950.36 3950553.93 3489758.875 7090561.66 4961536.642 1358266.264 32832548.65 5528680.443 325095.0768 58153553.07 38477102.43 46404698.71 45352446.77 8281122.094 52168001.52 21220877.79 16965485.59 900114.4794 4964645.71 84679810.58 2721387.048 184200317.8 5804682.287 27327067.56 13308116.66 5271.230117 20952217.75 14032313.66 25540357.29 479123.8388 148264095.2 34465287.55 381807.2231 7940993.42 1695634.428 19998965.75 2487498.281 1356835.941 1768532.749 8494320.019 31898.40035 27546695.14 1117757.695 31274434.33 28306020.67 17932276.02 273126.84 23594332.16 9676302.281 44654.19317 2086553.844 4850751.708 229302991.9 240234.0319 52526034.77 1947033.168 3099331.431 62992259.68 6535135.522 10076242.13 13792639.83 20042078.77 2079205.402 21050.82933 96943103.48 29778892.91 1518681 20599202.12 8480726.211 40603555.16 134218.1808 1888322.119 555921.4394 9393319.985 3640939.912 45515880.66 5039792.442 1854003.882 741325.5531 
5746728.937 13858145.79 63152096.64 21065046.73 1084787.672 97681.28333 13141833.85 51735508.06 133329.0452 2030787.867 4396593.937 35948934.25 208888.407 233314.3631 48407273.07 28861532.35 59825420.55 401806.2478 1229086.774 3091723.884 139834533.7 4990636.599 844.0667876 58245185.67 3779927.801 336652.0013 14397356.25 607334.4071 45845561.35 18472223.67 278601.994 43401230.82 14968822.86 50896277.57 10918278.48 47912.01328 17695778.89 31834739.42 33702051.57 37843092.99 18802434.15 14969976.68 22757074.27 7087169.123 25355302.53 39939.39082 713044.2856 5752.128971 9815908.842 419410.9518 29251273.45 11318897.7 17634454.13 27868163.17 19620240.64 4964365.219 19254372.06 3468783.467 1396294.244 734746.0943 21238446.04 1098614.252 566929.5631 648506.6592 34033545.51 5719306.009 358211.6872 305474.723 11118185.26 64994975.09 4160003.762 98456.40102 12123325.28 1946485.241 8907970.756 53503543.38 8639.100878 593196.287 16719043.12 42913632.24 53812035.84 499046.9237 27856637.72 9822952.995 6434133.583 1979155.171 5961568.711 22753741.97 2875733.896 106055108.8 
178484694.3 10886360.8 16526306.2 591638.5037 4854685.615 25889046.59 46255458.08 17724591.09 10998985.82 9343698.049 40081441.95 186245.5899 55252980.46 6176933.073 144153230.4 6069733.605 930459.6399 76041421.7 18320628.13 31031.80997 355196.1988 153445.5198 106455.1571 3443790.272 178696366.9 27365809.91 30589189.03 37573.73817 150331864.2 8626159.494 14113100.17 157315551.4 2108992.568 587922.2316 264119.3482 99874428.34 94247.9078 4538919.999 3370402.875 13964874.97 2089925.154 3326105.712 99795.13506 5950.421774 41532.9172 26960540.02 24958801.72 7606677.131 30328.31039 15501977.56 12166853.03 1830873.677 38877133.87 24995300.13 50356090.19 7192210.289 1846967.588 878586.7813 172554907.3 1183350.079 27323613.66 8190845.355 2845058.989 52360988.89 2795717.78 6065171.9 465713.8236 14332328.02 7169370.994 13990476.68 143836533.8 23634257.33 177153.6971 1410285.883 706522.5265 975575.3502 2848092.354 1514885.695 56732393.48 126710.0694 5554971.121 5279.501431 19705146.97 94171.14424 967317.8261 9128.68646 43518433.86 1687346.057 584801.2227 10808874.07 
81607633.22 59741.98928 13700974.15 62309.80291 1532652.09 43850172.2 1652125.563 38959174.02 18472310.62 17179256.7 10098099.76 2897372.224 7506059.858 5919056.556 22765433.29 36601.94284 36463118.51 52370926.76 99404139.33 93611488.91 359600.8318 5553632.262 22764761.71 54679068.55 2390069.96 12202997.08 700007652.5 65518427.06 30276764.93 2925426.164 59910199 2809862.635 198388.6423 848052.1805 18062633.69 28705864.3 12920778.41 1914917.108 60736.09292 35422199.13 79118626.39 40061222.62 536903.9471 37149114.33 954542.3645 11690778.79 1710542.543 72544914.32 8698716.886 166243.886 53183.83532 539194.4565 14968626.12 67258900.77 1094284.143 35452355.5 31331688.31 10268489.49 325056.402 54314785.59 16627288.37 31905.28566 24769473.68 2784.007934 22769661.51 19582414.66 9782.453951 2337556.495 9528226.697 16620428.73 8461.045224 295411.0261 180174.1351 38000851.01 6158158.706 30676.12587 672885.8927 18638203.37 112545114.7 43692166.65 69428033.24 244138.1509 797350.1427 171199767.2 50943252.5 1327027.862 14891028.1 131999512.8 729055.8428 162496.1685 
41727203.15 53106.6533 127970.591 1312988.506 4604114.023 91209.71761 666922.8043 1445645.519 15219282.02 3642799.325 77496021.52 443499.6518 151628648.6 1087382.582 403889.3859 28589236.63 11958.47237 13365820.57 17378447.23 61504815.81 155405564.6 16813.12745 9770.770711 4265964.661 60489.69313 25035769.98 43504284.2 11387750.77 38495964.44 34903559.63 47432771.14 25457002.19 108042866.4 9307960.179 8472955.381 14635750.54 1915468.478 630234.8147 1252638.962 20367776.92 161935327.7 161421.7612 30344.95567 39997.5246 37599159.98 172489.8655 14569640.46 15997849.92 10354817.94 103022.0367 1216091.851 166909.3242 6497350.066 27807726.3 78198501.89 23138.77174 13498940.26 27525576.62 3200145.961 223720.902 28378981.49 34779772.96 175028.6926 68852278.85 35685507.84 6374766.155 17575106.78 4061154.988 20431812.58 4757465.487 39496816.75 65007162.47 26342189.23 151593629.7 48525161.71 10675.33423 9675.413204 116595.5293 161747123.8 16688.47717 88747862.74 46229559 73696109.64 5799890.051 577797.281 32659253.52 76007343.35 381926.3372 86610.36995 4863880.464 
19221715.43 456265.3818 21599057.69 33906557.91 3432808.592 15864182.82 68034.6862 202236939.9 23348206.74 7157854.292 1607361.25 24204723.19 24637668.7 16901799.75 803774.8554 851868.1792 16328703.39 7748538.284 47304.61715 5746529.791 7598748.79 905.2301464 1277.789763 130432478.3 19344689.38 28336.95817 34533811.95 86814966.78 26.15499581 999875.252 24741894.22 4957939.915 957.287513 6176716.387 7658397.775 115783726 19406932.66 126613563.2 1457310.564 220295.9042 142619638.3 98926039.14 41797116.76 56804168.29 29557270.85 24012695.52 288097632.6 49022576.54 45675163.93 5810561.198 112047795.4 1310388.824 6069250.953 60924539.47 116288947.7 920366.314 38035523.05 13683539.87 2721156.152 942600.7227 56364269.37 77900791.41 120.4890965 58804608.73 275249.4989 1084265.377 82142667.03 494399.6347 19409736.61 207519.4682 82549861.37 31705431.38 4619179.233 72233.2807 52490553.66 14674959.49 302172.2204 65542242.03 1123395.119 111764969.2 13167044.67 56480970.51 62954531.33 49427.79387 1952241.245 8382304.717 8379154.517 14696475.67 252278589.7 7864606.553 
4470.375008 1642016.928 54650458.22 904372.2095 15299033.99 204796.7541 8422013.098 1016502.661 3619715.773 46560876.35 1494843.579 38593600.22 20907800.48 75565710.53 929983.923 40116080.45 68212203.18 4969589.394 113313077.6 16921193.64 70723601.79 2570864.254 8219124.389 22124.78196 27529452.88 6919336.077 159628300.4 46085.961 12907424.88 1097239.98 14723413.86 1654651.548 9328752.157 4389204.65 9519038.156 5307522.134 261898.227 6156869.38 3053350.324 2039158.162 8962867.022 4897363.574 10321329.51 83396038.58 88793592.2 178365.7836 10615713.74 4987827.069 18141042.6 753383.9993 85854499.42 117620.6993 2211694.194 117667.9757 23730962.48 48409029.19 14370965.78 563483.918 39421486.11 9007972.133 214471.2018 1605577.803 639712.0865 947245.7361 116462668.2 51304252.37 8575406.337 798903.8846 1722652.954 21605559.04 53473019.45 49256898.64 67964969.87 5235387.994 2814.273019 1239.098573 93110757.15 260240853.7 9614694.915 22640345.26 7631.936392 3649565.951 52803226.03 27032058.94 6878768.895 1080877.237 13133760.13 61005758.88 23082455.07 648084.2083 
75590.67855 267889.8994 52344601.51 1284490.113 14073738.81 2350140.31 66006660.11 7111815.897 7745514.875 2487980.34 28608036.02 39176602.08 933176.7846 15000113.87 1970.885024 30846649.31 7201953.83 35848.15957 1069371.208 44212655.01 10284954.52 68515967.3 180983179 3976.911605 2226818.256 79738597.43 18906306.65 4752360.238 50695974.25 2415413.637 5321.993142 815961.1303 143621476.8 25065982.4 199143549.7 205555108.5 81698868.51 3071414.08 7051834.84 69401026.29 5274829.245 2006072.811 12731415.14 5211667.452 194.7316551 1056755987 59266117.79 32082404.03 36310505.73 86414016.1 434128.8225 17914284.35 4714051.074 17097.57688 4488842.116 8634005.14 7970501.346 2983895.558 23061087.87 81954811.45 14896702.25 1664326.939 33806819.39 632224.1382 12560169.58 89280580.15 464762.372 37487038.33 22296928.51 192382.5833 156633788.7 4282590.57 55832842.94 40242929.6 2018581.858 7275472.565 77813394.74 55945.80527 68300398.67 1021208.546 42540839.25 35265.21529 535918.6742 47759551.59 9526761.188 13637931.32 5501020.828 3270519.534 62127900.94 195230590.3 
4407548.083 49391986.21 5073707.837 38783264.45 9984231.337 2472665.999 3462337.355 11249757.01 67326.81633 1406328.799 27034471.36 814599.6648 171354086.9 7767835.029 71944.10482 205.2204523 64788.94857 46532185.37 11303989.32 26457475.49 16778011.43 9004105.269 23035.68624 3793080.824 5407715.835 62174.7678 29484339.14 10737456.11 19433420.57 8953147.385 28650651.09 25363996.41 324671.6046 1764416.512 27513425.68 8314.545996 115778338.1 958581.1177 10528711.45 26784572.47 7720837.78 963627.6319 11948.67697 6017988.328 311830.1426 22145362.5 2803127.402 83830622.6 40980783.34 42259296.64 2736545.035 58249649.64 13572789.51 15063368.61 26026568.18 247.2965516 7637958.547 10472164.02 50130.01621 14683497.2 26650920.1 9408.027 194307080.2 6636409.312 43438889.11 191064406.7 2333445.717 5820502.262 4928252.161 53269.15817 3572728.025 1432089.422 656507.3285 2095663.146 41332768.06 15019333.88 3090918.92 16470471.96 275838.262 6566708.424 43795924.2 16804640.69 47541166.83 790005.9777 30622335.49 35183603 42183129.78 768901.9579 7813668.276 13921491.93 
135404979.5 6604128.597 2724579.319 4920868.272 1055325.623 23237656.23 821967.6504 229951433.6 3716944.517 29898036.22 64498.21 15254667.96 91886890.72 16660465.38 28792663.85 7226396.739 10672868.83 130159649.9 30023440.48 5044487.775 24181795.39 1308141.268 5814724.96 15478102.87 2512208.724 11092948.08 36339289.27 5947759.104 21982838.57 443810.2887 45755030.24 7910551.418 86099482.36 112353.1496 3429.147341 76627553.25 18550013.95 730220.7078 135021.0132 15624940.73 68241824.72 32446894.78 759623.348 136763.9695 58649442.02 13955059.57 411884908.5 268.7489324 34305573.27 13896548.05 53704849.07 102411.7179 29963561.54 2144.890384 51856237.51 2136.098666 18228404.37 23228922.25 182210.3317 903525.8968 21055353.42 33871715.85 7930628.171 59848981.06 63303584.36 2787.003204 6833595.884 3501.838111 21119423.27 11834753.79 77130883.61 204141.5951 2757902.443 952810.661 8705174.665 17455086.26 720001.9877 51654839.73 59981.60558 4849598.497 26947062.01 21346798.12 3342697.656 632241.4354 59492684.57 109072737.8 569583.6406 4422964.667 6454077.85 26038159.11 
36830095.72 119383388.4 17297831.37 1567012.423 41927753.78 5110218.603 549431012.5 6839572.57 8866.115675 14212765.55 104452.7266 809706.1232 19121769.15 37496585.1 100812381.7 53249872.48 8422491.666 38826692.95 19271321.87 72617708.55 32082242.92 135975384.7 1999820.761 12516532.2 51810727.94 22614389.29 24004598.83 31140574.85 104029656.1 145637661.5 168726.876 182873591.3 39582266.07 834203.0341 19176492.16 2061702.273 6526988.167 7365.294382 12847623.92 206180.7755 18613953.86 802697.1427 819931.1367 22889622.86 116722.5937 34124687.65 109969.4476 10997789.84 39761260.66 73045.13274 52534014.84 392472.1546 24072233.33 2963633.746 201128.7431 15734606.69 4939628.632 6639695.883 56602111.51 81247625.14 108334095.9 84490668.93 4562287.704 157388.4143 24577776.27 51728513.35 8991857.765 84766.0194 35595424.97 797127.4137 32774149.93 71402916.37 36737534.38 22935932.48 64901018.36 5838843.326 21520634.24 51293910.81 2959455.473 81674286.97 22708902.05 17409911.28 84087972.62 1560254.327 9030001.192 956567.3191 11492159.72 98594.95461 783519.6354 62608613.04 
66084.26055 14235098.02 257652.67 154723518.1 209371317.6 24213636.81 49127431.65 87074640.34 13718667.81 65793729.4 51.52710284 2086178.534 38158884.15 22108804.29 49667210.81 13497485.08 3115296.973 32510950.95 3220251.542 9306248.954 64666427.23 120476737.4 1425190.556 30925645.23 16134440.85 77247150.99 99240822.25 121853232 7194151.865 77178094.4 17543013.46 16411577.61 2527444.585 42565357.45 2352678.995 1293038.472 9157096.195 237790026.2 86285480 104273465.7 31720813.64 12578506.54 8580.62037 89242857.52 12088776.14 16832708.59 8327200.757 200014.6377 460.9427745 112484019.7 80862246.15 234327.2396 84831.98288 14565645.07 3799322.441 131861659.5 135899.0745 690955.7878 249797669.1 14396529.79 18297903.4 221791.7746 22003040.91 16935249.67 26219694.21 23795.55653 30202803.24 102647189.5 11973282.21 1072.998785 126312929.5 27986223.45 3677.223511 920213.5362 74919724.36 59030416.31 52289507.43 168577.1111 1153375.825 95515820.27 52114278.12 42716174.17 27029794.06 209225502.2 10124191.16 13326.90058 8170052.512 31584674.5 70053451.81 232153.8155 
363531.0449 8494997.329 454275.3798 1459.057494 462075.477 14769583.34 1930371.259 695447.8714 21886484.67 77.55571017 12428343.45 9389639.506 28106943.22 12409393.48 16429.3353 62986058.11 170413028.4 3531501.49 72155482.68 1969977.478 57568244.15 119335424.7 34745458.32 17613237.84 3299297.092 100846394.5 16821.49983 989349.317 313384.2142 17670442.79 14234.19617 1945734.22 94371532.05 59645157.52 73759751.33 200495493.4 9705828.429 1193800.197 11457.84198 117329.6611 49081019.91 431.7116255 41680086.05 14386958.95 7221616.024 226257.2099 5987915.587 9794294.851 157300179.9 59277546.38 67860401 37939.91805 35520.29537 36688.77066 43162177.56 155620329 548299.7863 25484757.51 31429.9824 6650750.405 47772598.67 2258713.165 16575348.13 2156772.801 1156032.632 84449944.26 19095066.57 69803514.57 9992.418937 35671256.62 4169.38246 4111629.397 257.603663 189673.8341 3837.122321 15937365.52 5600.480536 22217723.8 26400966.9 1168175.378 91181.70429 2412685.375 31998338.02 93589.07056 17332.22355 16098459.38 82741661.73 1480067.864 290874.7176 15025597.33 
9931553.106 40966328.37 211629581.1 458883.1523 79489191.5 7209978.457 152548726.1 21675.11379 67976479.91 2939552.531 122734.16 32400892.48 11614437.91 9260664.869 19762984.91 26820585.78 19355298.32 7845730.403 4445453.445 1618046.48 1143024.275 8643.956164 15092792.07 2372228.957 585612.4906 4474842.8 99189.25252 100301848.4 23927112.12 275492874.4 52528055.57 18141443.67 36719637.66 819363.5446 28358509.02 142322.3526 2041511.544 2113377.915 37204514.81 50342.28138 65392024.7 575252.8434 57396347.42 11232789.22 1289317.327 25724.59392 142489.9459 32019045.12 844023.1828 38038024.7 38372712.95 52631485.59 54783.47504 23972377.29 10535721.91 51798812.51 1616745.351 15918872.04 7718864.033 1364672.735 4131740.093 11278224.2 1830184.517 168019244 28672444.75 137347.9139 45206938.07 26227424.61 37341153.08 944286.7232 62476692.1 3111.689077 9752107.017 1778499.5 21355165.91 758901.7308 426522.9711 54670319.61 24237.01242 43153224.06 99581.71316 109513747.2 172413.1469 4551847.448 16331129.83 14721507.13 65146012.9 5331082.092 48490196.21 13106685.64 
106220198.4 14762248.27 1769.894906 63348217.16 458373.8532 51186427.2 163787888.3 15092658.67 1631826.389 44858.92412 1101615.996 2191576.07 9791945.596 4211103.474 72932287.56 31551215.83 103180.3759 257044.4247 1007822.298 15145024.73 58033677.8 25320.3265 636478.8154 10333461.63 79293128.3 818867.0186 4376705.754 2140980.07 93388675.5 46671274.22 66812269.19 6107821.082 7886.822976 38326.12904 8640466.862 15909733.36 35264650.31 1024620.773 240070614.6 53397.70005 35967819.9 999540.337 2062760.003 2163774.097 4698046.359 174202976.8 44061190.3 73311.72441 60081371.62 14703932.97 45654.48907 416279.735 6159381.182 98237051.25 850980.2478 6332366.991 1119574.92 88.8860517 24588188.87 12468378.83 6495640.926 68027385.47 1535180.071 26841591.32 2840152.091 83036557.29 208769.8445 43483544.63 42462812.17 45233425.03 1549197.542 16383173.7 288453.5054 12776596.83 53901950.9 20020870.99 87453.84172 3043251.406 33367893.35 46962821.83 2213293.998 11783344.8 1400161.871 3092145.028 20727324.94 829180.6237 66975928.82 30398879.22 10492001.3 4855507.83 
17391921.59 3033046.987 24793887.87 93389103.54 200276916.8 27520809.15 910865.827 1728322.453 4881134.874 1886030.723 8668573.815 121328167.5 9518849.548 24898345.58 34874099.75 31137453.89 40293629.52 89571474.41 326063.9715 13536334.43 3121913.084 130983.1777 6576045.656 55626946.63 35352237.39 34346298.82 9479.126637 85222086.91 295962044.5 13665766.65 3416140.029 15309211.48 2583788.43 9238559.599 14052413.33 11887690.28 60834941.41 24418175.05 184867.6023 72535544.22 9918553.779 8388399.237 3177113.887 710241.7103 57880232.8 27050057.28 123520394.8 2273954.433 6555258.864 24739662.81 95357670.44 90886.64407 1290701.005 40034711.71 15714491.41 2189790.969 43826703.8 10573888.27 1207237.439 10091356.7 23936427.58 97942527.86 11134.45505 24676552.73 2403921.668 1269542.247 31541714.93 16324645.82 24930.39497 638857.9674 27536771.91 393308.4534 496949.5908 2494829.094 866082.5971 4352664.374 27923941.9 32240208.03 14629685.24 55241642.84 119403.4322 9110834.767 1608347.906 32747607.57 9615109.433 6387743.895 8252.285284 273334.352 88781311.32 2281491.103 
5829320.296 1290245.133 3664760.163 49465007.16 1447578.647 5749922.615 9180231.299 54965462.91 7596436.968 36077461.03 9796512.809 690544.6353 236346263.6 687817.492 813798.9472 10965.44101 1720270.884 27033204.42 10865798.67 29471516.54 162227.6572 1630413.269 551760.4398 9219992.972 433226.4652 9627115.386 48521007.78 290071.0947 6261835.525 22037212.24 6124554.808 25523041.83 6205290.125 13266696.63 156007286.6 156629.7531 188962.6465 453684035.9 61862855.71 816366.2808 150414.7987 32186607.84 127084006.7 9484233.642 26077133.42 652447.506 11292858.9 3105588.262 18017430.11 12713597.48 17796001.28 683897.5189 17717241.87 1589569.231 8623.722819 196857685.4 3061285.367 46180146.41 1570807.705 2746944.096 16893489.79 7484408.712 7273377.38 3477016.593 200720.7823 502060.1074 84527398.33 53783847.82 354796.5235 240493732.2 77365864.19 72776384.61 26800096.87 817385.0303 4108310.683 4981222.731 15390713.63 2242931.433 8509770.106 39535832.3 8475075.536 2909396.864 92072844.37 5225275.911 65834231.89 13668395.18 2262584.078 3575042.387 172444.7759 62056021.55 
3317641.633 1201185.463 23234962.68 6985948.01 3086937.785 5380716.858 8273600.012 5931995.734 5599497.467 12169592.94 14741444.77 36429087.32 18998777.65 3943971.781 83609489.62 157424.4231 29358.22445 19618527.49 50255463.98 324476.7494 49430097.92 6921283.698 1328265.642 47361943.12 8347354.309 10410683.8 384473.7878 29320427.99 58693.12306 36042959.37 25546201.56 497613.6659 114802407.5 25198.77892 10360173.74 41144423.58 42311.9001 31413153.14 19548530.32 213918.8804 5088713.398 2296370.792 1022152.665 190036.357 17020720.69 435818288 1490895.297 36709841 43620288.41 750652.6408 5223951.453 43982272.12 278229.1922 4163302.505 19953723.77 38685900.99 167550281.8 69243695.3 8559413.575 75290903.45 11159993.09 91003830.72 716143.2589 3610644.961 172739.1831 981591.9787 26255829.1 11318.70669 154254977.1 11210577.32 124235.674 634.302373 6104.416878 4211671.191 90380128.92 69383789.76 1995057.707 332219950 267932.7441 817270.399 27609.37825 7583954.45 65811.60633 3871800.601 18853.7464 186589.1867 6978457.437 108391270.6 917.4668432 16442183.48 
19213050.2 5567334.313 45454838.95 40790064.24 610136.7377 18910.8415 20972298.26 3261875.11 79676357.35 15569.26821 18539.2189 4489871.931 31482.85782 4106601.728 8565274.099 105137267.4 863008.4793 18920603.56 199459.9613 50019502 68851560.21 147.8924894 7426.808228 8631077.384 1914229535 43437007.48 17612792.36 2947814.446 1194313.881 28091801.41 4527.626974 8233730.593 44324.2286 12714137.59 28514658.88 205416.5498 7424498.467 9969430.476 85520600.94 137069329.5 161233470.7 19292873.7 112471.6612 33342768.14 657472.5396 215225.2516 476582.6319 17360655.43 24085.92162 29935.91459 922359.8023 1341559.037 318556.7137 937844.9992 1244034.996 5527035.815 23029765.05 1264214.385 13611900.47 1882438.392 8315725.276 4700.467321 2359874.446 158.4889286 38209907.34 18300294.44 6861364.875 208601.5641 151034236.8 4723469.733 55674.25665 21034.77521 34964751.33 15599802.05 7483015.167 2248874.259 48103338.82 26757409.1 97450360.25 87757761.11 27377761.3 13629829.1 198.2428505 22588770.09 41002771.46 8299589.044 2736158.625 39253420.53 47170040.95 2426738.314 
11688545.7 13053479.8 7938019.825 49820997.61 12434130.05 102561511.9 37008172.69 1336683.794 28670497.98 9779643.756 1663029.957 1368009.423 162702699.6 28600264.75 45155048.45 564202.1133 18424902.35 34611552.53 27685407.83 4298349.43 4157731.412 18737.2663 50027.85528 728266.901 45112175.35 84445845.43 117702.4854 59224774.37 1204961.257 6509914.549 830897.9603 8514868.904 1500674.247 131359.9303 34917577.66 12154418 6484579.891 33392011.96 31092005.25 17886310.31 15253248.89 3503815.165 646326.6533 13941743.3 1561274.258 56218819.22 553876.5731 23407883.31 11872369.32 5633.116988 2083.690646 37017688.47 219668.3217 80725.83999 20114856.24 36023020.59 393.7186159 103364937.7 47687.339 4457393.679 38657520.52 55113284.32 3308413.399 305.5553958 19604316.71 53912887.79 5106127.71 36256334.97 11824549.18 15556307.01 623867.463 66259208.67 317815.3851 60628013.84 7026817.775 18678872.19 1998179.132 34093.93531 5892870.447 4321016.851 104.0208862 2934833.003 22817251.08 101172546 87064843.2 16409125.3 40582723.83 254653084.7 89150230.47 38727306.65 
66996939.97 7651491.925 25164717.71 22068361.39 771665.0074 267805.6875 1064288.315 1563124.736 510.6678261 14659043.4 2725198.102 8095780.106 54368942.54 87432774.49 50824164.91 550478.1502 104807313.1 149073.4889 38725.69286 40980497 69059664.84 44777840.95 86543227.08 35672788.59 386243.3243 181958320.4 2037711.6 40227.03271 8261906.535 12488048.52 18020936.89 42812938.45 1250430.214 95061747.62 2963733.781 198885.6332 23663982.19 3115097.753 281706289.2 621858.1828 130047654.5 18254782.72 46193256.87 40482834.74 59127849.45 3795738.525 52483669.64 539664.1947 24414350.18 110551949.6 106302780.7 5709975.735 11250981.26 6068.47007 33250585.05 120730169.7 12169006.45 56193436.65 10229722.02 33954642.14 53587951.51 48567881.22 565913.4817 16552358.61 1110462.478 15758989.91 16462677.96 20781694.8 12030979.8 10290028.92 11389729.67 3146401.224 417571.4092 259909298.7 70667.04846 727827.4686 38064663.66 6122541.914 83271282.97 29365272.88 5485332.477 52982126.48 64171964.55 7864685.368 2479485.108 260953.0221 330391812.4 2325009.995 2690331.744 90533617.71 
3155199.788 69105.01815 22872850.93 30860717.65 8424.745447 275564.1614 39579674.14 45202203.75 819088.7191 4470112.674 2422912.102 33007569 657.6713484 39492113.17 339840.3738 36266232.05 21738944.69 6166239.307 6499169.505 30964052.88 414083.2342 1117491.13 13548823.06 13473291.8 765832.2123 18829785.74 4411059.192 33291425.58 13224609.64 2368908.749 4091477.734 342247.4972 61707444.59 3218530.73 64449.73951 20184.20106 6818332.703 4310727.071 68217.2506 27250451.07 86416896.34 22526972.45 116668.8698 15334226.71 12845299.87 115883736.3 1354100.304 64993970.31 6480595.054 34011118.79 3176413.439 687233.6706 96789691.47 5327135.075 1381.486832 13805610.13 970636.1179 4880642.087 12920449.29 104441826.1 3132591.071 22461174.81 1751972.314 2830288.537 1017099.145 1925985.72 31538315.93 604359.4001 10443122.69 13059487.74 9696791.725 17774489.18 123478.4925 11779057.86 46029186.34 15426468.07 54956477.23 198119245.8 17512872.33 26582195.56 644153.516 824971.3182 135909753.7 1119835.145 648219.117 36240596.73 61649724.94 11583445.5 16745320.27 285000.843 
21361992.92 243749.6702 544323.0362 27605915.43 633124.466 483676.8281 7879538.51 21386414.48 7677968.159 16907531.44 13301452.78 7456411.869 2610365.622 84207.52766 4110449.495 79477292.07 8273222.777 6123071.847 154991925.4 2492118.459 104145252.7 25946098.6 1571143.217 82343924.25 13711005.32 13372455.95 6961851.076 35978424.18 19416593.94 25956270.89 2846743.246 2235.68561 23148033.83 5967103.548 33935508.96 4698921.67 31736098.95 51044250.87 15359513.78 8587625.54 4730209.012 809263.4622 14382018.56 3860883.007 7606138.949 8693339.146 2195.230223 779239.226 11847425.46 4313848.791 1699821.052 6758740.899 701393.4147 94937601.48 5242.663171 73965203 4254135.339 851.6486527 176728.8023 83523630.74 5269872.046 38428180.31 817.2777433 51959740.45 2907220.667 11011644.76 78643634.46 10689782.3 11965848.07 114650335.4 756344.9909 15754.07991 183841663.9 105974492.2 34643.89758 44841405.69 10893461.01 35713517.5 31140497.44 116448.5524 8042626.934 15179.46176 92565052.18 56283142.06 62541430.68 10670429.41 1636.34182 1202780.938 210101.4131 6859941.311 
277888.2182 1499.817833 16275.91612 1925593.28 1095.163445 3242752.863 144220968 8767934.552 2213337.273 65542659.09 1175996.376 108672530.2 51841.15284 82432912.66 46464837.35 791661.2415 147143897.7 11202531.92 90663.98676 4719251.609 3977319.02 6049344.19 83950365.42 6450.586662 10171.04325 673315780.5 31992295.58 4839214.514 5897012.625 2669368.863 337294462.5 54427172.51 103429775.9 16779263.74 40976518.72 5836874.478 23028848.48 14962815.88 117011866.6 348732.64 177944.2999 498833.5055 1342.137805 8789289.873 5060605.391 34195.64247 7051930.231 8678213.538 11189981.71 2966388.368 1513519.39 72764972.58 29259938.75 7316530.012 498727.6852 9821676.238 547439.0565 5299672.955 8581424.639 2120318.582 4082563.644 9527570.703 54402044.03 22278547.52 3191468.059 4581749.147 2600.531984 39705407.63 15591340.08 712553.7773 35880078.36 84722324.27 26051390.82 6812212.258 21384609.92 4014344.657 7797858.979 62948679.41 218098726.7 2510104.429 916986.4955 51481817.56 14739517.71 837258.7969 9649547.704 44484494.11 60423729.36 58504.83384 70424660.44 1664295.243 
93604174.47 1324416.285 6338420.986 652417.1065 55861303.89 30252807.53 3543352.351 1079828.377 80350031.1 53514.14188 79727715.51 69936303.05 142022584.6 13428898.14 75578107.31 10143927.31 191832.7666 95434.94035 35539248.81 7462141.285 6429267.824 42253.96434 14088.53229 800849.268 9511001.117 10034228.94 31926678.73 1453673.951 26629817.36 11660624.53 27771960.06 4175790.799 25516838.73 27560540.07 2707799.73 37544779.2 347423996.6 16569337.77 1161403.873 51746023.53 89755484.8 43041768.53 82205316.46 15374351.42 1446.250101 31159608.71 342542.5375 731651.7976 36526700.3 3462941.642 9517110.924 130833268.7 45979723.35 10572072.72 2577579.661 48420825.42 1269.330453 78796381.6 29242.22553 2037935.86 10653735.67 3303331.768 124009234.7 167928.6754 168910128.4 380362.2076 10768562.31 38205527.85 21251454.25 70369946.16 30665171.54 28211206.24 6053214.912 78071843.03 45523746.28 109834.4412 31364103.33 62393497.52 20388643.91 712482.3944 49663799.13 125635658.5 73406687.21 71823789.1 15770335.92 5412322.211 2134774.803 22273112.73 41960.62876 2905572.031 
1243348.048 1687178.593 30680653.37 9462019.927 224401577.8 11263699.14 4428580.587 10205515.79 150732910.5 26545633.31 4092742.493 10076267.56 29740760.66 9237815.261 9935497.247 14408630.27 2651974.909 61460749.79 56420469.28 27480546.18 21831048.14 373819.7795 20305316.14 68312693.79 781463.7872 27747.03309 98856414.95 8092750.418 44007.08729 24601102.05 15125100.53 10515423.89 3592975.37 20177071.86 15563505.78 1825778.81 10000346.82 29962984.2 6406929.54 30683.22213 47685113.29 3766572.388 2595013.818 29871574.61 61488620.97 128166.0475 154776.5256 5577775.301 15629370.77 12431769.61 851816.8215 528437.5508 3361267.51 19066265.71 13676739.75 36136649.88 28153008.99 18649870.14 56229865.52 1883895.059 33779125.36 12813.54278 35488545.51 3322.968435 20366998.35 5620335.837 12362724.36 61993354.82 4066103.719 304933.8572 75100506.15 17952556.41 3055025.659 12361233.45 9120713.918 2355199.223 17137579.65 63451.73474 2211299.008 41056289.83 396584.5952 3332020.323 11849265.73 71639835.06 13078718.23 567688.8798 37310897.12 24221648.55 5013492.949 35470538.75 
17492525.46 2379141.108 496425.6841 5436387.732 11695462.77 159.8526698 59644695.57 26650562.35 16072879.14 5151046.302 3757269.466 367236.3011 195619387.1 269590.7162 10912992.46 11109719.28 24746591.88 6701842.329 10827515.16 9027975.011 46138407.96 12886033.24 2761420.381 28067200.71 158531697.3 10899592.7 54868403.45 17071775.95 3297799.611 21912.32197 54752.14054 51339.67314 3136914.533 43362.68656 44528286.72 31286130.18 22991995.39 104877497.9 12234471.03 1657673.761 4532901.775 8683969.412 19624163.55 1444744.641 4159866.53 21946205.83 5615315.622 2279.082035 906733.3532 104879743.7 144013.2911 88650437.47 859857.2462 7601921.532 937.8538373 1399.345 1297968.989 156776485.8 38022824.72 294633.2 30452955.51 26004.59642 3742179.015 44089302.96 2985827.981 1654277.965 769704.8753 38078173 7886898.538 30363711.53 4523139.517 5905137.829 5544475.671 28040621.84 55726035.38 9221943.223 30956054.11 633736.1409 108351530.9 1574980.616 35630527.18 50815647.75 15324630.95 25392361.9 21447296.73 78727.8454 53002033.82 32434625.04 1654981.331 1500255.559 
5059611.631 143139.1314 24898375.67 27899998.08 34905635.96 17906978.55 502915.0168 121393194.3 363899.4452 56967857.08 120010894.3 26085773.88 9379862.883 5669970.139 267529.0373 2486205.906 57421343.25 999416.2991 5984694.206 94472900.64 5627698.372 7692858.974 5825733.413 1446495.167 28522427.12 63254311.36 62060.67603 2379772.417 58528490.27 8170309.672 181794.5791 4388835.448 8871812.136 4756124.511 49878104.04 1732638.386 3291908.58 8633776.763 7724266.094 96337430.49 19790960.87 19874894.71 863799.3069 12271.07741 6437591.662 1200229.458 11980380.83 227154.3935 10484306.8 71600.51815 3592.064893 87673375.26 20066261.15 24550382.81 2088208.317 22641230.23 104710354.3 310439453.4 32294873.01 31282895.31 41861435.07 66558547.27 51566265.97 16979228.23 54632972.79 1800.633116 686228.2004 3955868.552 8468719.549 466465.1551 24175048.73 4748694.734 22556262.52 31653773.56 30053.43607 76578.21615 99095963.24 2002976.121 23625360.29 3353635.15 7921673.307 15491837.07 1994742.513 5066174.587 494928.2861 4393874.85 41247038.47 20397.94875 1364221.127 16998587.46 
4033562.87 2670458.979 81726.16923 5530231.764 4162373.681 927.2870375 3485537.891 140306.2239 8383866.545 72721.35175 24393731.19 17048419.17 13522713.8 15577177.64 5658187.136 1593296.12 87467.84584 34648257.69 11010396.24 19732688.93 167372474.9 236.5423113 15211845.98 603035.7148 2408657.705 8470410.385 7839710.676 9131.007117 279460.0268 32186.38618 9779968.978 35462393.3 8032219.93 435784.974 1692452.077 28593582.17 33051654.98 34172724.16 54786166.59 869694.9073 14378002.33 15241881.2 253783.7367 1478884.383 67196510.99 47612107.54 23244693.01 17316739.95 190102.2465 5811556.073 208323212.6 290762.2178 877363.5747 56188.47089 33890436.03 37686631.46 14083.29882 1082186.048 15777224.66 72462717.6 898.326202 108533.4265 118077454.5 557631.643 388966.1639 63731139.02 95432360.64 347781.1086 12331893.98 1740626.773 3207028.286 109954474.5 5171484.689 60660953.06 3421274.391 3443028.63 7273836.278 7547012.639 15632841.89 30553274.28 14481813.32 1625117.045 14309436.72 171020368.3 5390334.976 3372498.208 21020627.66 32626306.32 21805773.73 1015467.753 
23818.86625 4167854.426 34691804.56 28073115.64 3343878.438 39772.33884 199879312.4 14262865.04 381100.8255 22333066.99 35967700.8 84855231.65 42380461.03 5490367.751 71483.13024 21860776.37 36.74834532 10012218.89 6854846.007 26789063.22 77262335.74 16328964.84 10980587.19 91147934.44 4692173.94 4433065.672 81471108.19 1286725.287 4246203.357 13232282.03 4169655.649 46433831.86 272422552.8 4335313.355 125858.5636 3360965.456 99457985.79 8756.812442 23034104.58 13215311.54 275926.9617 573411.5602 19545188.44 389172436.6 14405183.69 24319376.03 330251.49 31726882.75 86594638.78 7666057.629 6198162.165 37070856.65 3040402.771 3665530.574 70691.98344 11164886.38 14962207.7 135714475.4 17888897.58 22062628.2 298105.6345 3587973.499 41308517.63 13506.95277 8303342.647 1185063.666 98888803.67 118825697.4 114689577 1831347.664 48596472.8 35680885.98 19833895.04 85828981.92 247394782 748114.1099 58285974.72 2085846.149 2445464.284 22036469.05 17561991.78 300842.3947 22731318 197293571.8 12052627.33 7024.49396 78547563.36 4263480.447 5339.123212 23955021.39 
3851101.23 22706.66928 6223858.718 69655.64212 108071.6777 378988.7493 122238835.9 25624.85396 1114274.227 33412957.3 26784430.83 19479236.76 144568.078 114727710.7 9289812.779 4232605.759 25214289.02 12045658.18 47596726.27 248115304.1 86107591.19 16666682.13 6950955.214 38152.16106 514636.5847 16942388.89 1983695.838 1614423.031 1400.139472 2649704.68 9504050.961 18838213.42 7182496.124 5950586.771 1667661.03 70712223 5711794.356 768187.2464 3853328.61 71044596.49 67283200.08 21544482.75 1899762.003 7231934.397 150927.1051 23797652.78 2760057.829 19674163.34 12870.56788 3476446.274 15586010.24 10173720.24 7865615.991 4144456.502 29795141.49 328880.2705 43702372.44 6884498.354 273379.6667 54718186.95 2237.008007 12538086.8 156415.3597 49387.70421 9261161.661 49871.47542 9278539.421 2838336584 245766.8461 501299.8025 23928918.69 70631506.03 2101319.242 6755884.336 114292514.2 214944997.3 2137233.755 50811606.5 24442706.51 3147807.096 65272796.74 424918.037 4181729.577 3681080.247 28166609.8 5657050.743 10759.10632 8391004.141 130966034.2 16457.40168 
20720461.52 25875436.59 12375563.77 19647.49762 4369675.164 6238677.127 21003451.32 18910562.8 11699394.59 1546.965075 16210182.64 9415880.884 293883.432 101588821 2006837.283 27099220.73 61094143.75 1108044.236 690693.6413 7798199.218 2421111.25 89758759.73 18494.56127 275898.7218 514108.3999 60867.80976 44362711.6 140510205.3 4676147.246 1552587.027 7680496.199 18357318.84 17155739.83 53306.1843 251891.4865 7173952.564 31728.7352 51196971.85 16444763.42 2149041.859 774048625.4 12340.77116 193813539.5 1021024.696 3174636.507 35892361.6 215865.6216 25468300.76 141832.7875 60609370.11 914417.2934 24272856.18 114167056.3 89293122.23 146146898.2 5815460.003 2655555.904 240667382.9 19893318.7 45828951.9 77988018.77 64697821.8 37943.47196 49119281.41 2252096.984 22359536.1 5377.83839 18371091.08 13845825.7 2617995.541 26316.67778 44974671.14 88212107.64 19592.29294 19109447.37 45869.65257 4101454.294 20671284.98 11346.27153 13552696.22 34560118.79 320094779.7 15017516.28 66848.37369 17120088.48 2969.292901 11300227.91 6763610.312 202090793.1 11928612.51 
100747138.7 51244692.82 18209730.26 100235.4782 4176204.911 29819296.62 5789133.185 7077.841287 71684069.01 101244315.5 25867.40295 69910129.01 3476366.432 50362385.6 4720.35337 332461.9247 37367605.49 15844306.76 951780.06 45080466.77 22191810.25 60413543.14 14780163.67 37122744.9 4403183.421 7901828.708 82460210.52 84948.4937 276618.8699 332890.5832 112307.7624 81177744.79 268464.8286 293595.1952 5780935.677 4881944.755 22811790.81 162072.9921 504549.5096 307709.2901 656019.3309 1801621.439 51194885.97 39813544.73 11955070.33 15197110.83 51186067.1 119.2516314 72999245.89 3614306.084 15227854.36 37329863.28 24348011.96 1542479.715 15054752.61 6063820.346 306922876 316606.6845 9279776.783 66312071.85 37383016.21 15.68281701 29388651.74 112545839.8 113126783.8 121914074.4 707263.8974 2977706.321 3845361.833 178402725.3 64139.40462 1790892.501 6713.73176 49425922.89 25778.52706 10193835.21 348428802.7 37522.56595 5241199.921 37617.90275 14125712.63 118939377.8 5359372.569 122032605.6 354862.3765 52379598.72 105854601 17615878.7 95073826.49 75253074.69 
12032735.03 349992.2452 11946338.17 69940.13655 30419160.74 43667400.05 339417973.9 99488531.62 18587.50291 15002995.66 14853984.65 1587.031137 5057233.022 322743.9117 1913337.851 43311140.17 515930.7813 52577544.23 16738449.85 92447566.74 22786056.52 142.3607727 143538.1729 65912391.18 28808198.85 20783.45511 37641.58728 41842196.62 66667.48736 1692394.243 58648109.88 54997120.33 5858936.271 7122248.535 122258602.1 118068436.3 3820.401564 1414548.074 29201227.91 34380780.96 8069293.007 8915023.382 71242245.04 1092259.817 7712833.616 23287110.92 201759.2395 72932383.81 246270.4537 17990335.8 30163695.28 2781290.432 53197665.54 51279589.04 247639.8382 2791798.283 52664545.15 2054190.152 155893.3717 41205301.34 1805836.59 63629136.77 81370536.47 26748.8862 222712955.3 4798923.825 596163.6691 19804011.5 517504.8253 16953017.39 4912440.627 65384324.97 70380275.42 3943357.979 2977596.298 6198128.644 5221850.747 8808707.025 26790190.81 974166.0631 27404507.83 5764744.421 2113718.409 6524711.565 80281.12824 12291557.43 22386959.6 4880636.875 266081.7755 10232609.71 
7819629.35 2315990.868 56309633.82 3359298.952 1738628.552 7763859.103 184694.793 1193974.371 835522.3329 8293956.444 226461.0236 7910598.752 7494.079031 3078855.881 93870108.74 18263663.46 19964015.17 7042940.759 728012.135 14036241.98 39709476.97 159841.1683 11586.32188 8734720.908 57101.77783 7876878.127 2152279095 20114171 36757390.03 5457847.735 26679905.84 4251.528731 2524358.41 15107927.28 44365047.12 15668471.86 5050336.797 18358694.71 43323754.08 13495470.38 73067636.39 10955077.79 852448.099 59642723.94 7709544.14 4511745.42 26542285.7 9585847.226 349197.9462 12081209.26 10883706.88 2396429.345 177518670.2 2678529.269 42179646.7 14887961.79 37932853.62 5992552.432 6288332.275 30614716.82 198374939.3 619615.0607 64103611.49 7279.16293 36564075.41 16658627.11 9137632.251 6354011.271 11361147.86 81864273.11 55502547.31 26002923.21 24735496.05 11982394.17 100749278.8 402304.7383 26002435.88 9887640.226 1471030.544 297205.8288 55710640.34 23757608.43 3345771.624 13854684.9 2907901.377 61905080.22 10293139.83 77927698.55 28020650.09 8107495.864 
736468.9673 10278528.59 2315143.462 35159412.13 87731854.36 79689378.77 77407274.16 48689828 500403.0505 97996429.89 6573.972188 2194632.898 2401876.874 38750903.21 722817.495 35389078.48 19100669.69 23604293.15 2528246.504 29857886.28 8577220.642 169146.1814 16506751.67 19434742.06 10701899.81 971630.6978 5777999.372 153788.3632 52506704.45 7415693.191 5118988.901 17244565.99 28301.82175 1387816.764 82832100.01 62315871.68 232638502 45433067.99 31160092.05 44318001.38 69627829.64 18689269.89 7445208.267 209013657 28509556.49 5877397.218 10158.84535 78892298.53 23559264.98 16579081.34 10934451.78 13263118.83 100961011.7 64882048.94 18234.68789 2248780.95 9657174.284 25890669.03 1434124.953 21355135.34 2131461.076 52363880.52 25231.65623 29475503.39 1127704.119 2616094.271 69109.71518 503499.3747 45472067.21 63713851.7 46476457 53135144.1 85861121.2 12650780.55 3890006.324 11877533.74 34118393.84 53616410.82 124215663.9 616651.5747 50742247.51 95092321.31 1589707.15 14910588.86 165050.8904 3208773.227 15140360.73 29190971.08 48663078.86 174773264.4 
64694.82194 25497384.33 335294322.1 79244161.98 35905317.86 541052.7147 346888.5343 1437855.641 207702.2161 2234891.349 7182704.061 33037419.17 20201910.19 2405057.982 95836617.44 372069.1831 76383564.27 6427.193468 4816371.068 29654910.84 119603.3303 10495837.35 1029778.647 196676.6315 638689.7664 2790692.895 27112012.55 527424.444 5789215.733 2294630.421 129062286.4 1133775.23 2520200.153 45836690.71 9578507.561 3001239.947 364500.7565 25432736.19 42091708.28 323295.5647 64045599.9 33486.60525 487940.1999 88131505.51 754822.0365 10338179.61 15650.81382 65035855.31 1523098.452 4106615.534 10636078.65 75344.05654 2130383.105 807502.1948 64973.42903 16641374.46 3170081.295 48504376.97 31719885.41 21025085.89 57923488.18 43026268.45 83775831.62 76641231.39 56103172.31 9958396.77 6477250.354 71410756.05 6099419.743 9412334.875 6760654.007 11477460.52 62339788.19 899349.6324 2.559393653e+10 17365761.57 290808.2144 16942893.99 5085142.091 35790005.25 153226160.7 23304556.46 119725898.3 1995.264867 195264713.7 7140176.327 1717247.159 7377611.995 4793.310546 5456260.991 
145908.6172 1195060.612 17075223.85 5094382.302 159415566.2 65820.00484 12829238.48 18493045.28 233811.4512 8005097.692 2188550.658 2991419.107 31376297.45 903848.1949 55322.78521 108544.9099 418103.2405 725893.3838 126739157.5 54762059.08 70380.44214 30852717.74 61894.88504 11651718.8 1990204.486 8781.200625 100805.04 510699.3667 94339.13147 8981695.829 2860119.743 1818790.385 1611246.95 49153014.01 49560883.99 79181752.85 31999752.79 22027815.36 38775412.88 55256528.36 6571372.267 1209933.058 16403179.51 2477994.996 33715629.83 24684189.58 61160.70027 217697.4746 94653432.94 6873390.924 628863.6304 11090316.04 109485.0699 29676281.63 29342430.08 274087312.8 12346135.98 14735337.35 53258096.14 4871336.462 10055343.28 265867.7095 88551006.55 20939319.66 19910924.62 134553833.4 1432.68713 130235630.4 133951.0377 36793204.25 52199970.85 3672417.564 9102233.517 6010881.173 16764.45194 50740814.42 818127.818 25452849.08 18262585.88 140139.4067 72631.47364 24264016.11 5340717.601 39944662.26 2638786.429 31809299.85 178.9862837 28989854.38 8324842.274 45938331.52 
15989176.9 17939154.28 310202.4302 24352.33743 3809001.422 5859171.981 2401.336167 84452416.04 18260903.89 32181355.3 3039554.076 84228.7285 11061725.92 5266389.084 8057657.217 1894462.81 65009366.39 18052271.51 50881710.14 55732989.66 16943159.97 19228199.68 26108135.06 111028746.3 16956080.82 59085255.26 27837743.24 136450.7457 23000682.29 12391854.31 3211552.61 10981839.82 65215654.74 27310756.81 4131826.956 3404184.007 2548541.391 25107590.75 70118917.07 37200811.87 16836560.8 41554383.16 22573337.71 2552779.325 6816488.98 166206207.4 6100453.868 6161805.399 1804678.145 145665994.4 7244171.037 5936980.629 187444414.1 119855.8712 40318195.82 11905722.77 465210.6204 46258614.95 53225920.18 21350814.26 559101.4543 55516.34654 8555.34588 2592039.738 64335008.43 46876938.26 13171585.47 222919.9166 28780028.48 3007487.305 50065738.74 8318708.168 84908192.55 16996700.28 522684.9017 1354499.174 10275498.62 29127130.95 5618597.856 1532695.634 1929.346883 9844176.491 120279724.5 3591923.991 62425678.07 36155018.88 10039282.84 239508.6465 134825922.4 27134297.11 
234502372.7 219692.1776 85530649.87 6064382.246 78456361.41 139905731.9 19560091.52 29402.13016 23491.57205 993912.5965 87545893.41 48769624.37 385300.0031 5255107.452 225793320.1 23.73440744 253847426.8 18614259.03 486100.132 87356.05735 70324683.38 61678404.62 3617520.945 42040057.03 50182701.81 1312267.315 721216.1525 58998878.1 223582.5169 73648450.45 55453184.17 793247.0239 6793791.618 255800.6653 18494233.29 51595122.34 24632638.76 947635.6866 5122729.058 20543.68555 1998519.092 1320160.847 2326597.93 38880485.39 933672.8328 72785573.2 26798742.44 629050.0537 10063760.91 1849851.702 9390024.089 7927062.897 18707902.21 2099761.793 32523003.34 27347437.07 3585413.785 8622002.837 178659.7152 34316454.13 2296.625051 1296331.09 13006221.84 24490347.33 12751801.95 122814433.7 3721981.011 59458815.85 17501151.04 8150913.949 19128583.76 24580320.54 2370109.244 91183.61653 19780.14213 647615.8047 22083466.21 47854160.17 27293790.68 1503327.087 60814947.69 21310207.4 61320089.25 9757363.998 54879148.2 3005004.448 6312303.089 40352367.07 32211.30337 2100116.981 
1616106.435 5836045.016 7014886.998 6279177.681 42300227.97 181.0246931 8238177.227 66944174.64 151530275.8 141773.8664 31748644.82 23071351.85 925.1797214 50083170.18 21186350.66 2444543.066 225708008.9 23301227.32 6758195.926 488304.0027 422223419.2 7028017.994 990763.2166 59426033.14 88298816.06 298881.1999 200427.8594 2213529.381 847.8809657 105291769.6 31854691.67 97107.74893 14666608.09 42908339.48 166521574.8 3093587.097 427967.1659 67629496.64 4109911.631 801411.1208 13817893.62 48169575.32 23450652.34 4641952.866 15832794.84 22285644.2 4918947.969 6353.673079 5977892.11 40031938.69 13222258.74 43139.3956 53158695.07 2237573.878 738672.1726 83804362.57 41091203.7 12267371.75 48353372.01 7289674.873 45639927.27 7161821.479 9926006.891 8129106.899 4836265.898 3409207.895 13755224.51 130829.858 72474746.65 19520947.05 32094960.51 5200798.952 17339538.55 24380606.13 17556041.76 36701144.02 8192864.398 35653549.85 8680020.794 73494124.32 5786000.712 11373459.59 48942534.42 24657817.72 2887447.838 2720240.487 2585551.181 11286809.31 151663519.6 277589.4996 
16852548.67 107936171.8 17867027.91 27603480.25 384175.2411 126126372.8 1183888.276 6313568.633 1053043.511 22348.73727 49387575.46 77464031.83 55929801.21 42255114.18 23864102.62 79634.64365 2869876.085 117100402.4 53136477.64 21976423.35 1650011.515 14289346.74 52692866.92 1817360.392 29006091.41 172317.6889 105439.5531 31407.82878 220.4486782 5708626.799 39352715.32 1341171.262 392012.4284 3163792.344 8517767.243 2784429.74 28945770.2 131374398.7 1694949.485 1197.326273 45356036.11 801938.0361 49535104.11 544824.6596 620641.929 181910.125 20084488.68 58506.1854 6152157.684 79775583.65 180790316.5 449770.2991 910264.8284 36916844.99 29400.48754 4853556.267 24108302.35 2454973.714 6324601.956 95372642.67 93252420.97 122671.8708 21339648.8 35767265.26 159168865.8 1260136.089 1069528.366 20009605.34 36629789.25 5352933.472 12758.22414 38593608.87 23966195.95 72271562.9 34504447.22 3050.46388 10047100.31 139580637.6 6420.238767 28166299.93 430.437344 66309850.41 1365000.465 35060968.52 20149410.03 17768884.11 2467494.227 4906017.633 29227624.74 35885399.4 
288286.4297 29226198.11 31762823.28 4528395.987 7300396.44 306995.0279 73286084.2 673182.8688 980465.8548 22662576.89 42955694.97 21224919.63 8523580.268 61036.35174 701549.3229 103583170 30407.62148 57400543.76 6346787.871 82004558.6 131525.5013 24027848.46 267666.3844 47092026.77 28264885.56 2845057.405 14605.60191 11694275.96 42561.96333 14278425.87 20141373.49 984786.3416 35464431.58 40997130.03 20307103.97 19097967.19 100716578.7 43212127.08 5824821.378 5355291.258 29323324.53 10.88314617 1152670.169 74714921.7 31365131.4 168621.8088 46036850.27 39454284.66 1791061.835 64474366.68 1558692.044 30334286.12 47460311.46 316844.4621 34982420.35 32054040.19 70649866.87 101453607.8 330894.9242 24086821.28 3890823.49 8148912.997 178000.0926 37075689.99 105765189 5225996.486 1438153.002 25990020.6 6187.927112 44783100.97 52391996.82 40431970.86 73325.68127 1174131.027 935288.2576 4523445.025 4193331.096 89347.47249 48461765.32 582708.6835 86.05907075 161384693.7 7783869.08 29806738.77 41691582.01 87950787.27 4961059.475 235058049.4 69927.95981 1693460.949 
103891516.7 112454279.6 93097507.6 154337844.5 3784498.668 15615830.92 23013356.85 16494620.22 26212763.58 12524170.3 9307049.808 7477822.327 25942567.41 16174745.31 2658.881549 44686965.18 61924.35055 6624030.523 24544042.96 20993660.68 3506617 7532183.016 5756265.65 1526740.932 10408019.88 853.6016572 1950568.363 7649116.617 41080837.75 58106234.7 22216944.07 105708661.1 21239447.51 6561605.81 1073461.184 115309.5496 154835996.9 5999167.016 95682294.2 960320.5052 51854941.56 1403900.716 11126.99055 50891567.65 111355018.9 37464118.6 63323.65556 9573668.373 5597669.011 38062245.61 44375712.67 15014167.59 6208927.703 7534902.245 67847275.5 12393528.52 4107778.394 40089405.07 3161349.295 11388834.98 35792121.83 59913371.23 10023.85594 9341495.823 9726.833606 12382244.93 2052076.079 13203454.51 4963635.009 56974307.96 3.363732075 56857820.04 8176124.848 1606999.673 344925.365 48.08802161 3730696.999 29970535.53 168672.8754 4950835.942 3829384.94 2501459.098 46648653.89 4902261.785 293159.8711 29137317.84 30117711.38 16110012.44 19162.11556 67610.05008 
7825539.262 8395707.242 61406605.22 5852449.096 106118.5752 41572174.33 9012363.42 1155275.496 203883.4414 33564930.95 37663233.8 27893942.46 14814061.26 7147705.945 367739.4626 10158861.08 2427275.949 33008414.21 2730485.289 90830.74016 183567905.5 11391888.11 10050933.84 88769728.72 6466535.514 18437489.2 9570644.579 11040188.99 2078947.781 90953981.22 166304.7213 24731854.69 45578111.14 1966472.359 2716.016156 1987916.679 9025812.829 150181.3392 24477021.63 1106445.158 19178.64281 240993.8916 1592268.16 850842.2171 7674061.17 9054218.277 1668797.746 23258785.12 519228.1197 121053.4219 559241.1409 32214654.58 3345947.021 29092250.99 522057.6899 40269.97762 14029060.43 12345202.71 24135638.87 23766946.96 9729446.581 5538915.893 26127369.46 7606864.042 83589328.35 15268713.21 17659927.53 297167.3036 29271665.23 39582356.42 215869.8914 7426.310336 7512300.424 8230310.347 28454569.26 36642882.86 20428212.94 27253296.18 4536065.462 28168.68183 20197.63124 9910497.367 106989447.2 7785.473889 240111361.3 9741158.259 263952706.4 9996744.638 501843814 18074280.92 
3136070.787 24129720.5 8042675.603 9172.170752 10038928.54 46729622.08 6371590.141 68264.98952 13125192.15 14843.89579 38391116.57 4834370.843 280143.2895 45610815.4 113938269.1 16633.3097 19367611.75 50049088.91 68862036.62 114439.0426 376590.7507 5161597.515 37414326.69 5021900.499 406520.5286 14544000.17 113464851.3 715022.9978 167395.4373 19651682.86 20537945.14 2745924.733 18937365.5 24775968.07 848805.0692 101102166.1 341.181063 63458961.99 10467825.5 3213787.633 31332.15365 45504755.61 49306994.49 69713.83115 1975341.147 339492.4466 56055988.07 363070.7639 49880091.33 227457.4364 33589904.43 4181895.88 241201.1035 47825225.29 1222835.12 25786798.59 4377104.93 6209314.538 3639324.155 35275.21818 82651.78801 29349789.24 26752536.06 4619101.341 602990.0301 46491527.47 240641.5028 39938954.71 158537499.5 82010678.05 988433.7859 50727313.04 60394411.36 52948680.44 60537018.8 1751046.549 43930072.74 53580111.69 20143393.42 252618.8019 24139020.94 8091252.581 18278256.56 163.8218093 41043.73576 19784186.13 4974012.778 76636147.6 135215009 61064999.8 
52776000 36530157.73 48266828.84 15528028.86 222480393.7 2846038.403 10877681.92 184573.5119 48572907.9 48713407.87 1018774.381 102313947.7 85492810.82 823.7047863 55485152.4 18894705.21 1304634.123 9754.73553 55370206.92 4314894.837 111478696.5 3093561.521 30490069.34 7145739.381 39498879.6 37095193.6 190999.7538 263100.3238 7883359.484 2704082.003 919652.889 7706387.687 22737742.95 25025191.47 18956866.29 2387925.897 4112358.18 62617077.29 48471464.35 2529632.141 7882880.535 19010.30676 41427.35626 79502.68528 6657.848633 2342643.95 7072.974271 53405563.38 1058212.391 2256895.317 50714330.49 24576281.11 54991328.67 57451368.21 5691645.029 16883207.45 4786404.719 3766437.6 35933430.08 3539460.66 34670496.33 20235707.52 274.3167107 22124063.06 8086712.715 109736930.5 349.4517352 405662.9103 8702802.04 38079625.91 8762096.073 1839116.058 27419743.47 65624256.47 3165.088896 31313711.02 42024626.71 12021337.85 23718251.15 233098055.7 21139575.47 10845821.66 67.79931943 37294080.54 23280829.07 10192774.19 2824728.808 41989809.88 1990266.366 8397627.974 
6274990.333 35527963.36 17166186.28 54903785.43 22719532.39 7012919.266 4559477.696 23035074.23 692213.8528 61677.37579 18631701.8 36742440.93 15986425.5 623015.259 71358.05192 25454726.19 21968184.08 1152124.241 111766783.9 29819033.31 9663992.638 7278.78323 156003.1002 10920145.49 91483418.05 1247383.645 7577441.683 348911.8983 76469.88364 32809882.66 31241663.35 50310909.75 3848781.528 4315253.178 99745381.68 52781475.71 67493322.01 63876862 29523778.23 154976064.7 14166115.91 48866104.57 75875902.7 30125418.46 3020418.17 103448.3412 116369916.6 157546311 42035793.58 2141.810623 23000811.16 512144.8657 16134847.9 4146209.135 3121223.44 5411922.576 17180.18984 123406954.8 151063054.9 293854.5546 88561.52255 26762218.92 31612967.84 3523.321502 15776314.68 599619.7067 1053563.907 1787607.323 28957910.33 6543870.601 84661.57669 3149.815359 18073442.45 72406129.88 31755185.14 25727762.85 112108.6173 1874525.7 25402.05751 38085.62596 87935655.27 3636522.949 35533251.76 8604615.43 47441013.13 11471299.65 10366088.33 1455411.643 4083524.231 183232008.6 
15780015.96 111569152.5 1465115.623 67984482.24 10480302.48 698027.7733 826407.901 4223729.389 90974425.54 27123075.36 5086695.615 37596558.02 63102664.36 46957403.05 2723195.247 24216918.45 19980802.33 133334783.8 8172111.906 6465477.164 340597.9407 70611.44241 146764.5933 45320773.37 2562048.617 7599132.937 29261581.85 17484593.52 94338975.93 24801564.66 84668671.02 98729205.06 2894666 22849269.15 1500215.24 129481242.5 445307.0385 8320998.316 580436.328 25756814.81 14292404.91 568297.6949 7540313.996 66385174.58 491942.1912 318680867.6 19114107.18 132.2384642 12925170.37 1868708.513 21006963.53 162213.0943 2029203.914 1488125.121 6909.224368 19535856.91 4058057.796 35955089.52 7271.686514 6847011.53 3064141.957 7745983.104 5870549.862 31453283.55 138208.075 15114946.84 8352864.311 16355055.27 18582962.38 80816331.73 151703383.6 2604437.167 23137675.31 13207927.01 2806839.221 3909453.111 13555618.77 19739.53022 106492.8687 19450873.32 4118804.048 1996178.943 59945001.04 2914246.323 64047706.96 3644401.115 18841723.83 6992.439484 59710254.02 34759252.36 
789490.889 7457717.69 7087765.629 35396256.7 12571891.72 27825.47913 9474392.894 1745426.719 11598341.94 86439.00044 55559649.96 20537.66893 75072475.38 61765527.93 2951336.074 8287655.11 2748675.31 292.0817514 780113.4024 6532118.125 5469336.388 820759.8636 1873158.029 15148307.07 36019027.54 9787264.806 104472.8984 1514192.199 372.43257 108541485.2 6231351.194 48188.42227 1572612.075 27292079.37 635555.9601 23849500.98 6714295.546 61034820.23 143843005.7 28150031.38 2615673.35 7514110.775 3314957.606 902939.5335 22424.05915 31767900.07 421.1843343 61335600.1 8654076.742 212690.5948 10810889.25 3152935.333 153943484.6 86128693.12 67744457.13 1083.690332 74749649.91 536295.3468 44412883.08 1106568.448 10402335.82 19234916.68 12716972.04 23723498.3 269980.2949 9923820.836 16412140 671895.2653 8109852.386 7700507.443 2748282.409 906699.6811 24720786.02 5612942.21 1329562.553 1644186.239 21905087.04 14479114.23 20749536.85 9416607.335 44317218.08 4123104.795 207037.1618 21202942.38 4348611.288 10948359.72 31231935.97 4308760.445 41265194.14 14482414.88 
9281188.17 76629812.03 17517131.43 756878.9401 71228425.57 5010642.297 83118.42117 89810.66603 521412.9433 2843633.483 15506814.08 19668905.96 21891274.55 226864.362 35353724.68 2558452.854 11544111.07 156809643.2 63249734.51 20064134.09 15509753.3 110148.2865 86471.15565 45750042.09 186516890.4 7037778.919 4695713.108 2061.645936 47036344.94 3036767.106 3098141.429 27496372.29 104489846.5 4345834.263 440014.1473 6203085.746 277856091 1117497.634 17516370.96 24512402.9 5588604.878 16551233.63 56541676.69 4825046.865 76964.293 3986820.26 17774293.96 2304160.713 35934.84251 12485446.55 27314003.95 2183795.609 8816728.511 38130827.26 6180259.511 72357058.1 600954.0372 2126454.921 41147704.88 159636.7224 60509381.53 38591175.77 136736118.8 9752936.748 429683.3128 65102.25149 174930.1342 31452895.71 100397.0333 765536.07 187196.8285 56023746.94 62103892.56 73128004.58 12969132.29 93202831.26 25971293.25 23768380.35 68973102.85 11716865.48 18228930.6 16800994.86 1257161.407 1834557.359 32080780.6 6478408.651 43724111.48 48926613.88 102440593.4 77416339.54 
39797696.52 19909634.7 5884372.524 1678565.505 17758315.26 46132873.17 1922406.431 862766.6538 6873030.025 254351.0554 2981584.394 27585652.45 4744968.272 154138803.4 182996723 328217.274 12190.09884 96954.67627 29750122.3 34754773.47 71852257.54 90061702.45 989307.7649 388819.4501 5687397.06 3462813.348 226644.0388 1129180.522 3175638.105 2167220.442 51038846.33 20020.46865 2315995.551 89009559.56 4736574.954 8628605.895 7106320.691 114319845.2 193376945 10184058.76 1666172.639 104041887.7 71867178.86 12932303.01 15228.12357 39158164.78 664506.794 30435999.28 49189443.88 163374823 37382484.19 25464.39283 19549.49685 14847616.66 2058389.001 29167344.79 5124448.112 160650680.1 57518954.06 31818256.12 54150636.16 64274041.34 5934235.116 8422012.475 38748581.84 749030.5487 5265568.614 5451170.199 6850660.384 20245274.26 38631562.14 19322112.8 1177422.173 8086.388812 40215361.86 46438398.93 33079948.59 17627018.89 10031.93764 9269353.038 738385.4982 69674729.7 46130232.52 40089007.2 7926105.74 9623865.751 41933790.01 263035.1319 51119575.68 10054914.93 
6229243.316 49228852.63 58997827.26 49240.78305 25152516.57 25705311.29 790133.0917 160060733.6 11312022.63 15891580.62 2169552.789 1815926.842 62079.76856 34031060.79 11057240.03 14239674.26 6828307.038 4240036.59 2153075.894 41546637.87 119262.6145 1575165.204 29676974.71 27318132.33 104374733 39283237.2 2473989.303 584802.3264 1018119.304 39187078.92 111000559.1 49222755.9 80954665.75 5871011.723 11411964.5 13427587.1 2914.964362 9114161.519 15179417.95 4551078.875 1391760.928 28100024.92 378060492.5 1153719.167 148714318.4 335632.6691 9371.470033 1612439.137 20117959.25 20584770.93 216952643.1 1621841.559 26061.99456 51539780.62 10277132 2937975.259 72978158.66 337587.6651 258220549.6 59586828.13 24435624.52 99173825.46 75539.1511 25337102.16 30658933.64 18714684.76 31393002.34 2222646.946 11838076.46 71274865.27 10010597.54 226167.6098 13697971.71 89051160.23 215163.2888 8307274.847 6181719.904 24582392.77 9169255.058 210799991.8 191344376.9 18551194.39 6541477.351 9014210.708 21745837.61 172048886.1 34523507.39 14186067.89 20129049.8 49304383.52 
52965985.78 618739.6421 242373.2942 552.7757843 18849131.64 121016864.1 68091.28788 3605408.492 49752949.33 26555.94983 39734395.88 2197050.069 80442697.47 4755213.007 99052.6613 51541774.02 83596885.1 15640635.83 138015.3933 8377684.895 25088728.73 38295.28611 293531.8299 33994.61052 21070676.63 7725357.424 1694530.041 1034210.581 1747698.425 588288.8221 13724270.91 5192587.961 40203283.03 1902626.828 10104202.26 2120206.819 53259025.55 28241560.7 52833980.33 2937355.439 43962557.81 14767.00221 301553.3136 19729.86026 23749445.55 4386953.175 38849219.32 598832.2098 2375868.98 8030560.952 239245288 58779153.17 3567113.244 262156825.6 3198731.036 1653699.824 5525168.258 19407657.08 12740108.83 551653.3464 19007185.1 4376469.286 1967500.243 320983.7752 70089880.15 65199306.33 60093380.05 91807598.54 32978230.71 7390850.917 185589.5107 4928.518745 73499.48015 14284948.13 744704.3794 17249115.48 674087.8016 67096331.45 19071.58706 90835.43999 387.8016635 14119345.35 10583530.94 13644610.67 26688345.04 1944274.93 10493.90365 2270738.889 22011089.99 13027567.04 
263139.1783 4418137.271 181511744.1 148403654 7232263.24 1175281.175 41167209.05 6181669.895 15833530.65 7817162.405 75390903.04 4154426.19 82130819.54 32611.1433 16925.28166 29718949.58 2557804.037 51081502.17 6781685.538 14488961.73 3513107 5644683.461 15490455.1 31023308.89 499586.4794 52055642.54 99295.28477 12267.04536 53637432.59 1677395.766 3409808.5 4576663.046 55440935.3 35068552.02 11070570.51 5650687.325 44861389.42 38658.37828 83999.79104 365914.2092 3306688.191 95691032.98 910405.308 65911.74357 1122217.495 28393302.64 8373.558315 5687524.622 1198536.041 1703643.154 16692064.28 812671.4287 176569.556 1610754.951 55516947.88 8001642.592 24555621.8 82566296.12 716265.3579 16673940.64 20814907.76 24777522.48 91187.47383 32851579.2 11576.40662 2147973.558 1249259.651 46619592.7 8006764.093 46101446.59 74.04540037 17092971.45 57113950.39 9858186.153 17496406.34 1184095.249 31571393.66 78121697.8 61267.44745 34648.69175 49368556.81 46364397.95 8380.357939 25832636.44 126615569.9 2763828.68 5667170.81 1899512.028 486833.4016 3895083.779 
3969906.893 2615.003409 37848998.6 47419835.01 24955199.02 8095111.59 247735139 69126162.69 453708.1086 10588119.94 119299484.9 73684.45933 9510259.128 2441766.466 8973911.926 8315360.818 57886104.36 47577580.34 1049150.646 20453.67245 7245873.99 3536152.413 39167137.97 68460873.26 9982.03767 1485800.686 3191658.379 69122997.21 101771413 29967410.39 409549.0003 3950233.243 10114.30525 59079422.56 7696236.391 409445.8199 58596400.77 6881.262207 1635.850454 4624084.234 349268.7008 9821542.989 5974847.376 2228789.003 14598078.31 23117827.75 32039624.54 2479504.473 25137172.14 30182294.73 11188191.96 15055446.74 3820895.618 10662222.02 151974.9575 22256968.16 114227813.6 68964540.31 42637.82586 17599182 87165820.62 7415781.663 46109597.08 28759541.66 7620944.238 8786.965723 116461799.9 5139256.419 31945740.61 1283515.205 65383518.3 71721.23353 117274.1812 12286570 25185996.8 47187667.9 5917243.948 5667168.841 15851.54355 2783016.345 17526738.29 426291.3088 2672945.019 62776331.46 71312898.66 670187.9651 39998682.64 5011667.482 186188.1711 48107088.23 
21662525.35 32563855.16 14195263.29 11305346.97 58746664.83 27869529.77 840512.5453 84033899.38 60150357.09 91542723.24 102039262.9 43059.71359 45314482.32 202657767.7 28658071.34 7364461.549 5625726.662 25035757.77 10679546.87 86554.74369 11411.97784 130851485.6 24750155.7 57989.71702 60958860.57 9770192.202 100404674 25255808.18 8944831.985 9841844.19 207447.9916 102093.8839 140387383.5 63166885.08 254352.0241 3395959.686 38225662.79 74183.58463 668471.7862 2457690.987 51918.11277 90348882.98 55323515.07 4440.38463 3033084.328 13567.45424 2.187896937 50959826.19 50452420.61 1873538.179 35141882.77 49314172.8 183362407.4 2168875.971 1083151.233 1952495.784 4570114.441 9996144.853 1710544.759 31342767.17 110360715 663404.2685 2522343.618 17427.96212 45477882.08 24897.86187 100501.2388 4706214.518 28038.15566 4621675.746 176423.5557 6174507.108 19780126.86 276202.7476 211985.6903 323440.5026 21762140.11 41619308.92 8645405.707 47067588.21 72442511.85 7068.448489 29525805.88 89159301.12 668613.7388 55481.3929 34145.30762 90297284.2 22753466.24 12767876.12 
188635.4372 4433747.709 84105441.64 8997084.751 8893936.992 21298181.02 117203511.3 6143299.001 202191491.4 23427230.2 12847894.29 24537690.32 8762621.187 16891393.99 337930.6329 2893306.335 11265544.27 26299876.02 1744996.913 12047606.48 288089.7846 25667662.88 699247.0924 366018.8654 303315797.4 5083434.968 1569146.115 22521632.73 2194740.006 268902.462 372476.9776 5017868.729 948470.4775 56066559.51 78593271.34 8802.951354 125960019.6 8744279.57 4200741.082 68802387.54 14413544.81 5772133.032 3975.229034 3128169.556 112594572.5 60181956.67 65208750.02 5377526.562 638188.387 18001798.26 363915.9218 310433.5698 6182118.845 62766224.49 58445258.12 3750979.025 22295876.48 71829708.38 51848691.73 41171491.05 24603686.25 663.7885574 3316094.631 73201671.23 817.5749801 20754266.03 10639937.24 574397.7151 25682907.93 21813517.98 14287036.44 84373401.61 116686806.1 653515.6996 13672742.16 86739681.97 2131138.923 104167285.4 15503180.83 9046219.144 14586253.06 6736682.777 96435732.8 8011089.789 29143459.97 2538385.94 4114294.279 5961028.694 964486.083 171777.5664 
20933994.73 65621789.03 7435518.455 2834683.075 2356645.383 38251928.25 16444358.49 1036569724 73078.56365 27991768.73 4973314.732 51598699.5 3626491.444 30387507.48 598178.8957 160084.8962 74098158.99 64935428.53 16940180.09 18276266.11 586282.183 16364667.09 10972478.75 86283691.66 143508.6081 56364.40647 31686358.86 58808397.3 29036386.18 53533.11412 27838131.47 764180.5125 10385855 2461093.847 5226953.54 18696987.24 30984158.39 2799896.218 350491.4056 194420.2378 18607592.03 46385043.78 283017.3904 19310218.85 60215294.56 699254.8527 14338078.9 1563454.916 151215.4798 243198.1407 532796020.4 2075520.005 176474.3954 11747075.5 1570132.484 715365.8636 3696587.878 2198676.956 48438203.25 3930719.132 7200544.253 679376.6304 29167723.76 22056715.83 9640488.308 2157953.197 14843.89719 86271676.26 72178238.1 739164.2726 21558805.31 230346.564 7271217.616 2584375.397 14803120.5 9077358.615 104395522 7607027.508 177542235.5 211482391.4 721948.5086 654358.7493 275047.3585 8011849.834 1140718.1 121581330.2 174554356.7 19743.62712 161155.8146 27249048.4 
98701064.63 42967304.47 453618.3653 70510575.13 156310.6071 37244052.47 11737797.6 36437.11164 7571230.903 1202534.908 51489757.1 5705934.796 437483.4308 3956509.517 7493128.832 676507.3065 687423.6018 841238.2619 317664.5216 30282066.9 37942006.62 3422117.131 26464975.76 130092.9186 48446072.3 3692419.863 11409538.24 1991175.399 59909.65503 77981.3635 2444839.997 3330914.669 346702.2985 243100.9655 7638136.183 24494814.48 5880.951175 264220.7506 29351862.59 16997205.69 35442969.77 23525706.63 19822296.23 94180.65952 465346.4115 5576164.453 185950766.7 66585.0151 31526414.16 31393741.41 410757.2324 1201275.398 2989916.679 10329.40201 941379.9755 19146595.12 89272045.79 216971.8129 3329233.49 65303081.16 11156118.78 23121861.77 15922264.63 178616751.5 532870.2951 22904737.41 3599130.014 20449.37624 83693854.22 634568.0434 15036915.04 1624108111 16299020.65 6453819.569 9812613.599 25186576.11 29238396.75 46057581.12 18146634.55 32945671.29 74939.70915 22877324.13 18937007.26 922422.2781 479209.5511 8844261.519 307761917.6 157316.8808 88789540.58 7952515.797 
531734.4368 28862930.37 31913527.39 487.2538489 76778998.11 850998.9715 6247.32353 1279096.256 9631133.615 17986007.13 1053158.079 3556268.664 28592439.11 25411295.03 48542.06091 18658579.07 14657840.09 465303.3165 3086442.889 11823929.42 785716.7977 19862952.93 189874.9512 144246446.4 41356846.34 70063967.62 36927521.54 70241985.75 25037540.36 46216833.15 14325784.93 5621403.637 1686801.447 7234378.604 39570790.85 133699414.4 32705630.55 5490464.913 6253679.335 60237287.55 4564010.731 2551782.115 88727473.02 2311138.15 1738164.28 33392184.07 23930491.58 54593.91225 2464.366063 95478654.83 1344.802604 15314558.55 26765777.72 31490419 673683.5168 2175905.882 28188796.55 37970.40131 1379673.438 3802159.826 2218275.965 520383.5533 57765489.54 40420957.76 43705766.16 985558.6999 66595627.37 3749177.539 3695830.267 39409095.21 6942.223004 48231966.28 3518.096606 33296636.36 149340417 1071509.067 1841.339685 2609882.189 64147682.57 11310064.21 2604195.904 5554746.47 22208573.47 12217491.57 51864732.24 59519291.27 8774243.824 14593483.1 1102561.744 6049214.893 
18256.63575 45904053.78 1727822.778 107683561.4 80305321.84 15982711.7 62972094.17 41496292.25 11284100.31 1135644.372 2646184.802 21501129.01 19363151.46 47619502.75 2566359.684 9566432.572 2569135.789 21787.03978 2756500.564 20073905.03 106175.3154 4476.388399 33713570.73 48079388.59 3422.440393 8307030.899 17755451.2 174994.9925 5502450.86 4757368.437 5035647.268 455277.7694 83140744.05 134366.1167 26462657.77 8489239.847 1061076.351 1363182.743 110667206 186548.5919 47393868.3 6378617.603 16156756.82 52683974.08 19706942.13 25815.58375 63904691.75 721645.2855 36836975.95 3941479.036 35695700.75 479403.3775 103379966.5 127162.2574 1767.092076 33267777.58 6001004.986 59352112.24 56725.81599 4372816.264 24029388.43 53423263.56 758758.8995 19353831.78 1233457.103 311608432.6 6207763.697 23273096.4 5494227.704 21633239.72 24090402.2 38612906.23 32536232.67 262960764.1 46221.82902 4479103.852 42968654.44 73212.89406 32263.32991 7351820.911 2845948.535 840636.318 70358817.69 6549227.874 75316.43659 6304185.796 2776564.692 1262100.915 13531699.88 89116933.63 
5909747.763 1205.856835 1861181.817 158980129 5184233.588 12919422.53 46993489.09 16811515.34 19649751.81 9777526.036 4744208.022 35292924.61 6958370.594 824080.2605 531325.2141 11573626.37 883510.4476 2877585.303 13230069.31 49395724.96 52685366.16 58438057.5 4529086.806 4610141.524 5753765.094 11473152.89 104319587.1 2838761.881 95307759.13 81388820.74 404990.7875 1580737.229 148620102.7 17183954.07 97247396.12 64242.11754 1431688.922 2005445.586 150.2883957 2182848.166 225721991.7 133962014.2 56012650.29 497156.5249 74099610.44 222285975.5 149497828.7 17397578.12 457912.2197 8756154.062 18874105.74 58288428.49 2717043.742 123144137.7 508731.5687 12080625.67 988988.5213 3751278.506 12619327.52 3946603.523 5824302.337 406751.2559 155416.1148 1018067.607 25991798.83 14551361.68 128245773.7 63191016.58 114472762.2 1276504.948 93662734.89 2073215.234 39987865.68 156330935.7 6522028.122 99670953.48 347229659.2 14931312.44 15946619.57 22720840.5 30515240.57 1167202.578 68131.93549 54633858.64 56901160.14 90488354.75 44129016.02 1136495.177 479169.5896 277870.0712 
36919554.25 28347280.29 5191159.924 2768563.084 27633.16544 17077645.36 25124.26066 106529.478 3347620.681 1114164.027 3609760.829 14562618.57 42730.01806 189000.9648 11121355.7 129895927.9 227398.2853 71885584.42 87638183.39 1423722.508 37813642.93 3404093.133 5028995.091 860197.997 2367576.865 94671.35333 48125062.78 50785159.57 82996355.69 21282674.29 7122678.023 628561.6703 131393.45 247123.8468 74123798.44 34981464.42 16132.82021 126.5378229 59136.77581 6204263.887 18976985.18 74143894.35 117925984.5 230377035 25884265.14 5864.575853 22944668.69 129556620.4 4370264.274 114117509.9 1424624.35 5923254.703 82790.26974 72119246.5 1970997.938 408538.2601 15605308.85 21573499.36 516945.4107 4938374.137 26217154.04 154307271.5 2900059.605 16375015.07 65998128.9 143966586.7 13206056.54 34136588.33 4051445.296 7719187.037 2985801.278 16438476.46 1478106.529 2207545.178 24926953.88 26529790.66 17344196.37 8495540.535 381842.149 14776722.68 101485.4699 17200735.84 554.8736521 20750361.07 7069308.434 407436651.9 19277960.87 47085338.56 3091458.923 65991981.86 
290078.7681 138848.5156 105099.5195 6362527.796 806639.4432 12211227.85 187629914.4 36233907.99 46024632.63 16364626.82 15936734.18 1856861.733 191020.4694 12776211.67 8305.968046 21141925.07 656282.19 43311019.36 15937423.46 22418934.94 9417.01459 25253047.11 34214141.6 3197934.848 1392263.667 72906565.18 30255487.34 5278281.269 16645510.49 8822956.518 133627962.5 9261765.456 8652.369394 27933079.57 11576173.26 9477475.168 825953.8506 2002176.056 12674972.52 19632138.47 64866.56036 11571047.01 35940578.28 1296678.057 41881606.02 28315827.3 74214690.59 5134392.861 1896541.129 185040.672 26842041.84 20673397.93 879478.1236 303106620 28289832.59 1611202.041 1091358.828 3511898.926 8182599.694 38024601.92 1599502.632 3527052.554 22001150.49 11124668.85 42283.03378 40993606.87 3889340.441 10919809.33 248650.2404 136708.1309 86168201.98 11493726.83 700464.889 28399089.55 12261480.65 28921546.46 14703447.85 88429.74995 18332286.75 813698.3235 105527.218 62379862.41 214858260.2 11036749.55 3128066.219 8923.576866 35337877.02 7483374.292 393283.4146 2385425.948 
31920704.14 8289251.762 48393272.15 1105064.158 9705736.097 12023396.72 25317497.02 2297675.163 40913148.94 2332438.499 632495.9019 51942138.12 3949463.355 75964807.63 9958943.489 3995829.623 495.5687962 114163.5478 8253465.242 168378224.2 3097542.128 23200215.98 490446.0168 9896909.758 7901878.026 2647938.373 27697534.05 581861.8346 356174.3143 51020934.44 16303448.25 13043242.82 2073943.064 10702200.62 186465865.9 5764956.485 691565.4433 235316.1884 100.9196273 8362952.427 5363658.607 551612.9541 114538238.8 9864339.157 542468.8673 25845494.37 500728.803 25572816.35 14751895.93 2730019.754 949525.3948 2825807.012 54354.02352 193879683.7 4488376.885 1656815.187 50789398.5 16130605.57 41062397.3 225404727.2 28817422.08 51270.05306 30863876 745431.4819 426141.1094 2754644.637 8140955.531 5707.784784 513925.5488 25803459.67 97139897.77 181634.0712 1064112.421 29751759.5 187657.9454 10752827.17 33625362.58 615409.5711 58207920.16 38952518.1 89508026.4 10200851.08 730133.3472 75929.52569 2438163.537 191715037 144195.6736 50118688.18 7961393.201 30158286.7 
1875284.909 792175.9997 5693463.966 52522276.72 7643.781498 1126466.681 16161246.94 2667402.836 85263.0558 13918263.3 58869631.64 946279.5514 40740829.54 88582744.95 8237585.748 308612.7895 66838883.83 93260139.6 146556.2679 17435.07823 3538602.459 4929635.339 24526688.19 32132.76361 8798789.598 526496.6207 2541161.957 31257764.23 25296374.66 10146076.18 149428626 92554324.98 1707502.485 683395.8921 227563506.9 195996.9417 64860576.56 267163.6653 1011116.911 2742817.226 2835153.183 2701115.511 86538825.94 1914725.884 684471699.2 146471858.1 67225713.61 22833166.49 29530468 27007248.82 4482487.358 12963979.26 3564874.13 25979832.25 23652587.75 718087231.5 15980380.42 5220739.475 432772.1311 65010383.99 71227.35676 2243967.264 1128116.657 4547967.353 259887.998 6528043.661 4525622.797 182767.1369 465502.9282 11946458.77 74129.11174 12555.09979 277451549.2 31056277.87 131198.308 13013733.04 29560667 117012.9691 20596235.61 8962305.157 102222825.2 429193.6346 29354952.71 21726434.43 1370480.218 4855793.589 314957.282 62654298.83 1754287.38 5164259.618 
83831442.81 65886733.52 109654539.1 345903.4995 69836563.14 13442372.49 16660330.61 70261.51108 29425403.11 750201.4041 1144.70637 4472208.424 4629177.059 470653.3748 97446250.96 234.8271002 2317944.003 15519043.11 16331080.25 5324070.344 33891.89989 51148.0508 82424707.69 5774081.267 15184.23967 20941643.38 17968842.33 594283.7195 19436360.96 463950.6967 85110.44249 155679494.8 65381017.2 114258.0221 24812041.58 8645355.876 107618340.6 44887338.06 325294.4384 157685244.6 39859200.44 7986290.902 77603931.32 44659.19518 115717602.5 77402537.82 28151410.6 6552139.696 18930337.93 108972.0887 5354214.813 69582633.12 42094229.17 14649282.82 5205708.226 202148196.3 41039790.4 643419.6287 243597876 3492127.957 103721852.3 1301009.18 85363394.55 1239693.479 171894884.3 56870109.01 151539.2885 5429.456799 7754999.373 31830.90111 34694130.64 15509407.37 10717308.93 33056644.47 4044216.966 107472.0745 88734573.69 13207146.7 64266698.46 18004057.38 10937834.8 47370.03384 25243039.66 10036549.09 15824103.03 34685428.18 18072.02911 174970.5987 62509454.51 4421909.25 
94834.18022 6055985.535 25052444.67 3900.718891 200503998.6 33600274.79 513930.1737 34680192.19 4129287.801 29514143.37 31627947.2 2355057.267 19247786.83 12713300.07 1103750.732 554543.7535 29960757.1 6500206.701 11427020.56 2467589.64 76481468.73 1830.979764 3143504.122 9459022.259 20238608.16 89170110.82 1969240.19 7047854.02 181065011.3 11210847.69 35608677.04 91028070.98 76635943.43 33233469.77 2316717.941 36949.36261 5143415.839 1087.112247 23084288.23 4742334.641 4244202.386 52496166.47 76514.19205 126427367.3 10030270.62 42673.52678 1805183.135 30482539.35 60425538.59 164670014.2 7822966.127 14835008.81 678831.4917 1215828.669 13577.36444 33693996.37 323625001.1 488736.23 1254654728 53514532.11 704510.5757 107489.482 1358437.135 421650.9895 9509.129701 43571119.62 165991123.6 22462660.93 103947005.9 59110738.87 60922443.55 9616828.796 11042093.86 7809924.435 37494047.54 6581106.836 2385670.49 110973.0118 50239637.7 670717.259 45731684.16 13385189.31 6996.914595 1202614.598 1794545.854 641107.7252 257404.2041 335644454.3 13895070.04 8969501.334 
10084657.9 2346559.614 3788141.372 2424849.932 7738995.286 226253.2169 2751230.56 11476040.01 14183991.85 1720645.715 14937832.13 49528053.34 2819.308889 39161370.2 7336816.216 14934933.85 108518382.3 189511873.1 814749.565 7167276.573 21386427.64 8311128.706 38874852.92 105613.1163 11491049.72 123072059.8 19030555.64 96096241.65 9747450.83 24345019.86 32049474.68 225617866.3 14804451.35 5353342.193 42689113.97 111668351.4 38861554.94 19769361.84 19373495.61 402543.9075 14698812.58 110421363.5 143419373 447326.4405 222843.4821 55548.26793 338594.5994 336672.7932 28711307.4 3640040.714 3708054.892 1103.172602 79.42403316 334098.357 217820.2402 2076188.058 4586735.601 21291958.22 1043866.618 7309362.4 41652368.31 18040525.15 20238017.66 50284978.93 5997124.019 720007.2808 37366567.72 8111810.457 579613.4717 4861.381506 10012.2816 462004.9028 9883150.599 13836955.41 105064368.3 302483.2973 29199078.4 78767882.12 41852123.95 94334762.26 164850386.5 6186749.32 57810026.08 20248205.73 41145750.11 126187864.3 2640554.582 12214903.01 1651023.645 52441020 
18789766.64 1056549.524 406092.4912 3179645.68 10147034.07 2795611.312 216112.1715 92639470.04 36503702.19 124808262.2 4903619.568 27471267.71 18133917.35 2992600.298 2894538.543 50617807.92 24096393.97 1017194.808 34075690.37 10157585.87 8812120.438 4250553.737 9057918.594 888346.8873 25237.14561 305135.3491 10269368.28 235022.8711 161649.5306 2591886.163 55304616.97 21925744.92 33797126.07 1289818.585 1630917.516 39102331.54 9135415.228 16696103.72 18708.79221 2584720.472 4196874.522 1537312.025 1028192.677 1639910.416 13191914.7 458420.2478 14137821.47 59895362.04 15982.38645 6369258.758 39983005.06 11299979.15 207281294.7 40076.57748 12128276.59 57427316.29 22288232.18 1171297.293 153838896.3 593891.7669 1390321.611 8056483.453 19220114.64 64893647.84 11895024.56 6418291.713 20967269.02 9084119.36 96616628.99 5038006.59 3830706.052 132249.7671 43404680.87 19029797.84 614282.1689 70820.70149 7703080.976 22666284.54 3209.054722 1416069.945 67821347.29 459304.4824 1902523.653 14722964.87 13665003.5 78305.40822 31156772.04 11066644.2 293166.3811 22892908.8 
21337456.86 68889555.97 483425.19 7198378.795 10515120.85 407240.0565 4537281.759 6267037.185 63286.57594 642399.6686 10587.47298 81872352.26 50869159.25 1721022.183 537939.7792 75168.24966 85148.14154 2548708.072 97106994.98 15074579.56 44244993.14 622724.781 3189987.654 57962.57438 392335.8938 27605436.96 25122023.42 4176973.706 68825372.63 36307581.47 883991.8154 82711473.88 75113010.16 42528123.91 247392.8961 106851289.2 27627955.89 27663.36869 24353760.04 4346347.708 15583897.15 5212177.315 40993371.51 541464.1444 7308884.903 27537017.82 31912630.54 13630549.92 3874.320311 4766248.524 24220252.99 23487808.24 24555395.52 285904.1763 55268.75502 25577500.14 32957111.4 4118318.525 16916476.71 9132920.164 4420604.95 15434544.13 20383.81429 47851304.02 25064.03874 1054889.123 217478.0136 107452512.8 15517062.77 21663173.67 3405287.751 4649338.163 116755570.6 11685635.83 524443.6807 323245.5395 37112247.51 12129620.77 51663489.78 6530889.069 9386305.874 10491057.49 14368837.58 979241.2339 5431180.268 60094255.56 513165.466 7604654.855 66583979.9 1534243.24 
8007416.778 2266988.765 2053051.871 405781.2589 66519508.33 11350469.25 1776648.99 5612937.231 12939049.35 36185181.56 12349664.88 3496223.117 56444.41519 36377.72121 33652518.58 3226812.856 33803267.02 92217576.64 229522086.1 271229.3682 21433570.77 75394637.92 54025448.78 118415710.8 24248949.38 3027263.519 194287.6681 35365075.6 323617.2389 152168.1185 36935.81256 24671536.53 31270272.64 611773.4247 85161867.82 1113993.255 56223751.49 64444317.43 20481806.47 87252840.33 34866587.01 36162003.8 282232.4981 31994353.06 268437119.1 83767602.82 35126996.42 5689055.852 35674080.81 3577132.371 353.5052014 52838235.75 37302743.12 591888.5419 15511604.66 4510919.357 1884479.207 3409373.905 911361.7455 253269.5284 617446.4694 84293016.61 15192359.7 19285798.62 9185226.791 63246449.75 71659663.99 533188.1283 917722.5707 55928575.41 49319462.1 7446589.33 3789322.293 24149042 186991614.4 127604.6384 21250152.08 849348.043 1561601.626 104668.1207 20858093.56 7383736.955 47839918.1 18898825.21 25318706.21 138716181.5 10055564.12 28184735.53 10976936.16 21861132.81 
# Errors [PSD_cut/PSD_cut.dat] I_err:
22217618.81 109583595.9 4278145.951 51312630.47 1713.6304 47718948.57 2755418.779 132233.2574 7991167.31 6295164.498 10043622.43 22722210.8 739218.8783 2852079.835 4530310.065 21976625.41 165805.4357 17971716.62 132299.1208 6430869.794 494871.1452 2652552.203 34425741.11 15324155.99 32805445.3 5627706.506 6237.008609 20064857.74 39622224.27 7937858.456 47387878.18 8252122.034 101546325.9 21320488.74 2992061.291 271832.0698 26066732.91 14027090.62 1356490.772 4608.188779 4648801.675 1923340.317 32459199.23 39358206.01 23732706.98 47184631.91 13263492.52 40553226.95 4949221.392 3607809.016 42773495.42 15116205.52 50741955.69 83806089.92 18313291.7 7413908.737 595081.9754 651824.0066 693412.3637 1156872.759 117893116.7 16887460.92 8285574.842 102924.2846 470349.8913 47205075.14 5671524.13 50013896.87 0.3062592164 45515318.14 48365224.22 26587749.68 35853893.12 1908538.762 29012077.69 1115966.037 44717612.2 13980112.21 3347920.219 51129.95152 52159305.34 60871956.09 443762.6946 19483736.8 26628814.64 20333173.73 28866701.72 1384453.287 972746.7087 6789844.29 
11579699.91 100716.1217 83697.72336 11622908.16 19462945.34 29621851.92 2109589.511 34359009.06 16750471.07 59541505.28 96707269.09 14091513.79 8388995.505 94002990.87 1673134.446 542461.4191 15456697.49 94773.73736 12599664.06 38814347.21 40100075.18 12401195.54 10653.34327 13904708.24 5966994.031 10357243.32 547.1525673 1377154.454 10305385.04 15124962.08 28150.70826 4496273.879 20982089.09 3400257.222 6373719.688 79524839.64 22530230.45 72963062.52 901730.5009 138893561.7 39651409.85 156814992.4 182046508.4 10696188.29 42419.72499 9214781.004 32319849.39 18529838.82 70393971.13 10146037.06 16576974.12 1028656.899 9664.998604 3871999.186 18010295.27 17255.88308 10228169.5 9044.681333 15176900.93 782400.0463 22220089.43 17249646.15 1821089.175 786028.4564 7907778.93 15387864.6 11182876.6 194691.9348 3506869.539 29494288.1 13646.51195 7222865.75 37764142.76 91342423.8 17302017.76 15729537.63 49148037.34 8755410.939 300145.8424 50235604.56 44944215.89 9962577.101 8305274.903 33633961.26 71716.17046 200937.2413 18014642.35 49941414.66 3727365.848 21314132.45 
191435541.7 53889317.62 16047992.74 8860.073693 437783.7864 6690477.442 21082111.76 250687005.9 22337721.18 190437.3228 21690082.94 279305430.9 2020988.211 32411376.29 20398166.79 24896373.36 7911447.299 17303980.17 5232243.553 1194468.486 11573997.23 18508532.36 13963647.54 1462853.377 44552900.66 6140107.771 178684.9639 6993956.546 4746801.879 10082458.06 2501887.303 1665.253153 1820167.823 1145685.845 12603642.22 2858405.367 3511552.779 128289724.2 28417872.09 2484707276 9613764.419 24242589.62 39436105.57 546.62387 8242031.745 4331382.512 1024240.47 7763207.59 16971122.6 48222224.49 8367292.173 2214638.773 111692159.6 121450091.2 26237659 30548211.79 2605.371215 112522179.2 57896973.68 12399129.64 32298.17129 7245080.743 3209665.339 16040516.62 2708.351405 54978195.03 24827383.34 663255263.5 2277314.855 1072522.11 2380900392 898.5530708 29024.88304 88388294.82 4346250.704 732892.0146 49625670.67 50993799 86844240.83 71765601.11 49224572.4 156042.1723 35549118.02 981174.0445 7750015.125 130015.8434 7864868.037 2619514.308 82031.27892 13457.14337 
2276874.54 9626525.991 273645580.3 24807.35746 59518152.86 68914226.47 5297001.107 64926919.52 2586349.116 7031527.58 24025742.89 5704572.829 998377.0909 23517683.34 3714506.075 4767996.958 55160757.51 171608.3717 2050982.532 7194166.028 54551014.13 460651.2746 21391337.26 8536318.751 7723081.782 171805932.9 3193168.474 230237.2463 18687001.36 619519.7696 25005.53302 16254850.04 10519178.34 47426086.65 16412.21611 273580.9773 12893372.25 11096426.71 8455369.787 39406490.19 38844347.81 3682021.901 4241760.463 15010371.33 27737822.26 6570586.928 32991306.53 488749.4153 8805668.658 32789861.3 146868.9002 12247689.2 4528395.494 107405518.6 1398402.367 152029.9981 1143105.134 5417.252525 10380514.95 88539198.28 19010.31318 58867629.16 128754.7204 70932.15311 636682.3353 37447603.53 109873.1793 4218587.294 4948403.21 73075076.02 48445342.32 30999070.86 19410070.35 1064.236595 13396808.15 9305626.634 814506.29 27684291.81 85310.81588 8909175.346 1781274.964 1865157.163 115278.4054 5727097.008 10401.8799 30002.71411 41869786.22 11168049.24 7068532.141 4957981.443 
3661376.477 216648.3292 3116340.364 4896949.405 1966428.711 18880324.3 21401895.91 16787036.73 15459553.95 505449.232 29741.9805 20112544.98 6692210.801 74474975.56 13826798.5 1714910.457 332.5776539 12335285.29 128542189.7 2510617.456 23751783.41 3462166.044 17182797.16 48907628.51 7981632.754 783.3942357 3698856.02 1465812.424 349000.6195 48978431.18 34663089.1 2028148.861 6370788.854 10113679 7405890.054 39978776.06 4166656.661 13347793.76 6636878.101 79483.66452 46523888.14 3486476.494 7000.178104 4408258.259 30992596.11 129431917.1 3308312.585 92430.53643 1861472.252 10234.77818 41893871.44 3977823.35 5937784.121 2481132.061 3820823.84 10120014.68 2524037.638 1669083.354 581999030.8 32156554.89 2030184.676 15275045.39 533698.8413 298693.7142 2476538.19 5553526.814 8395.306684 419987.5704 185452.5773 1417416.935 18590365.01 2520599.316 140720.0145 12117114.76 14121942.98 26074511.81 2283828.004 2883269.209 67892780.58 2575511.193 12540579.45 144803249.1 857.2277626 133880411.7 7741537.284 1109631.953 42825869.33 628876.2367 13965176.36 109514651.6 
601677.7797 2758578.222 207722103 4411265.352 16719775.23 3642339.433 43213666.48 71076700.74 17622.37852 2194060.518 3951304.518 4061819.426 410587384.3 393441.5798 1690299.031 510608.6517 79932561.02 18590268.25 9472445.443 25524034.62 9645879.108 4600360.529 5471291.976 56494.58167 10038440.57 14057669.12 1458876.935 11127329.24 264798.4409 9018.974166 30363.61667 281902.2603 192475023.5 13837322.02 49937217.08 667456.5539 240797.7891 28887220.34 565576.7879 7605543.26 12463579.96 9108571.641 511.3887204 3006831.049 6182161.034 29549090.69 44738160 1943864.511 808689.4168 3902250.794 14266467.18 46298122.96 12621439.21 1716102.119 29093555.62 8747928.366 8314907.791 45902642.35 30042793.61 195.0158723 22586595.33 780807.3194 9439042.329 526371.6522 41396731.26 5637422.149 55113854.67 8479359.943 2602480.768 6493314.633 575546.4198 10396718.24 12301228.19 75901.41657 298737.6894 28339548.54 716572.4073 49299287.94 3369073.164 2560937.23 63334.10888 22364337.65 3181435.735 2632.401748 5752059.373 22966.25428 15205.44155 73044959.26 10738217.16 2211473.111 
276854873 21863181.32 306756.453 34230131.36 634608.8342 63579.93102 41157221.91 49251384.27 6051815.054 144442464.1 65849666.24 68807545.06 6842970.345 30653628.64 4945434.227 203626964.3 194881.8722 26267558.96 81896948.14 3968.732314 3952789.98 22472806.83 64057955.26 12790385.3 15696808.79 1198726.226 13515634.64 5521043.448 5482270.379 2558664.493 311016.2419 14920382.54 866158.3667 12976846.27 2955707.451 782.8390075 29368125.57 15161501.34 1158546.645 586677.3267 1407675.953 4980824.346 31679370.23 18232944.08 13990056.35 38399664.08 45049663.81 24181619.71 60850.93677 967.0994925 17854640.42 61850039.14 27912493.41 24835580.63 19053.72132 12683130.46 4241781.271 12882592.34 409283.9914 76986326.2 53215501.08 8612.686253 1528852.572 88902206.5 224079.7021 5826441.183 283376.1358 115597.9458 632594.1757 12754.90347 787.7754881 44014.36577 20302392.2 39508356.3 15836081.96 14488.29688 3861717.647 3304576.859 499324.5549 6879638.047 23922303.32 5229006.631 1854547.162 81929883.7 511.0823817 2480.41848 86355259.39 38526199.18 1802998.534 102725.3839 
53524.38064 15565144.6 72688100.83 374727.2135 452906.003 9029.610735 8930.441592 24312215.82 397996.1492 275695.0012 2675225.526 39839920.29 9669310.822 521386.9404 2975105.316 1762491.576 5834401.681 27.14612347 39936487.66 23973362.03 78745419.54 10496785.84 2478884.346 12169076.23 3738388.564 23020312.45 17700906.72 626811.1815 23513910.87 838785.9797 3168589.739 2688031.326 57624544.7 117187344.7 1935041.952 10571695.3 6907466.359 1175899.348 8756006.566 13560012.53 940574.0226 736529.5574 27581.01564 5650395.305 2293192.196 9799166.616 24116126.9 9781528.497 143787.3832 4485.986876 58295339.72 7971451.617 72234.42426 44505050.6 5788844.565 12909627.89 11073726.68 968907.3587 16646711.42 7124778.775 356.253867 3128146.06 138156.0563 250380.4737 23223451.36 17641.48993 9074563.32 206292.4297 23540678.6 3825594.166 44773296.15 1202967.762 118271745.8 7293492.159 254695.8631 15624611.12 5756947.047 9375816.783 13121630.35 18985.97722 1521535.893 45264139.87 2488235.804 39927199.61 4617647.667 33785461.75 405035.3691 23045834.68 141634.9584 8322886.958 
398682.3329 1674047.089 453389.481 10961412.86 4704414.908 223187.2973 6829137.614 3274890.18 9427699.303 16825772.15 16096.31991 2826446.08 1844290.763 59056806.98 87315816.61 51384031.78 3965087.96 981795.9474 112363426.9 344082.2999 22528983.99 62544913.55 37446742.47 350698.54 222186.628 5357220.752 110631401.9 21690568.69 10931879.2 842955.2186 418873.8568 88099130.26 2186042.405 4954357.831 697718.4199 12293793.03 24579905.88 10921352.48 13122680.19 1116433.261 240321.2308 46052292.63 25944334.51 7864478.8 8973575.479 4700959.406 3673899.103 30896112.67 13869211.88 2237363.623 934880.9778 92943981.04 12794325.28 13124276.31 1838095.63 1306592.18 9310958.672 2557284.394 70521293.26 243749.2198 181664.355 13461072.99 27490811.44 2160874.125 115469.5236 96279926.78 32795205.27 7910942.064 384396.1342 1244486.059 28849773.25 256.0023026 3406004.225 35193827.91 37628.59138 114759568.5 8462.758459 11234645.18 14268695.01 17048525.93 327043608.1 32484255.61 7129892.306 21963472.9 719503.3243 3677.015757 508956.3011 11779000.21 21936650.12 8203611.298 
21074969.98 1448515.625 105446229.2 45268274.3 2038003.361 859748.3348 17485683.37 5717340.642 13197232.94 33308.5368 61678004.02 518368.4555 13014757.89 35925540.04 16527882.2 2214725.084 33812891.78 226452.7087 18318837.48 610955.6936 11008624.28 12307497.78 87969741.73 83245200.53 38831850.16 1748112.266 17615346.66 24465.16189 1979.269755 13837828.99 553433.2457 14199497.94 144753.2518 361874.3442 837.3178196 7727485.842 7428007.539 502942.8605 15287347.71 769369.3062 239151.7198 211203.8092 44802946.74 44663231.42 271449.8259 127616.7016 2023904.785 64854674.25 163130941.4 623938.2553 6520218.555 92274750.35 93419930.37 27628776.09 67526529.66 17689496.21 50763426.07 5886692.764 63663909.33 1510783.24 1636091.837 2119582.442 2954410.97 1151603.922 1932460.192 18430097.89 12140536.05 48134016.43 18749223.25 5544737.787 78201725.89 32643430.59 15668124.34 5858774.813 511115.1356 1736396.149 2326924.494 2.115556848 4145258.834 3853.611042 35273580.16 2532387.74 57460427.02 154431.9456 7445733.296 360804.2096 153416720.7 15011023.09 38661640.76 259225076.7 
17347.92757 3978310.022 2206699.69 26141725.05 177325.7086 170014.6492 16643174.16 48751136.54 66751.79464 39416549.73 3331135.819 21635031.62 20792070.79 83869355.28 8369018.288 8696349.253 70250.89352 2027.232992 8908116.981 96926615.53 1348594.073 2980258.965 12839715.22 27276603.11 12548444.78 64371278.74 1369240.706 88003122.89 27824346.12 45408894.93 4619750.836 6374900.086 8122503.026 6154054.612 48677459.97 327024.771 6334383.968 3986495.764 2996.869376 68288595.48 43654806.25 13426828.48 20328.41628 18362665.73 36256705.51 4858660.429 76972.34322 29917717.91 11509268.34 21671965.99 371144.1533 4107697.75 138734672.9 152163.5201 2028091.641 11170603.2 54018741.24 7007223.418 6330873.494 54004356.8 2484649.922 66874671.84 487532.0499 12063122.94 45623588.24 4206130.806 6216559.824 20626943.66 55525.55254 2094184.814 3146590.187 116718235.3 28937572.54 25680552.38 7358958.045 19891374.72 12804011.04 6369269.904 3360574.31 5188599.675 27337697.29 287456717.4 21243624.59 36298068.96 93576.75834 478843906.8 11840277.21 1031445.676 11415577.23 14904371.58 
21551990.59 47.43612728 1305148.47 925.545898 49923351.19 7681336.854 29210052.83 6863642.573 4700291.829 7834251.121 47741646.96 120402.9282 450161.1715 643157.9517 96523615.09 189872998 8480824.53 10591768.31 37171939.93 421087.3096 1263.82567 120265565.7 19824.69538 664.7812101 1162695.191 53476702.47 2493.667055 23196634.87 12608902.1 670308.5256 13536308.29 26160819 299646.3754 40210164.83 1675931.115 1490325.073 10223730.12 49847.52196 1470535.937 80657860.65 165127.6001 33102.88402 1618269.947 8082042.813 13041016.33 34352031.86 62368242.17 2408481.851 11650032.51 9121225.402 266911468.2 5325863.753 45215.93484 36843684.89 2995456.768 18250992.28 472847.8753 113022.867 4152920.31 5266140.282 284104.5546 39480720.86 2265016.623 134542148.6 1074728.085 9056328.932 19784478.86 4114871.913 53014171.94 24979579.07 22541290.02 10585450.41 597596.9499 5398558.835 95757.47362 11375554.68 1735235.356 692883.2823 20223910.17 10128.04621 3149589.586 12521106.19 2112756.379 1698360.479 57554170.98 7671947.166 33920985.32 524384.0489 1405360.793 35561045.97 
636.668815 33521726.49 6887337.5 117603.7514 14273684.27 6704939.196 35552933.74 42491022.26 97097918.2 8420163.435 387595.1701 1612352.079 156731.1386 8273901.011 1317307.488 4901080.688 3410.605583 11478963.67 216.4449608 9420.854831 45999007.04 1634410.065 2950913.147 14818393.2 25900368.19 95945314.01 310025.9625 12620721.88 610631.8236 487622.3643 30847945.27 42210755.87 5840494.956 5989513.361 21579997.66 1038056.742 5755369.122 6565446.036 114619.7393 100861.8563 9094925.823 5629287.904 26082061.47 1428943.319 750994.9848 376910.3062 4762510.146 43626503.72 14826956.5 29155210.57 110711648.4 149909161.3 17351376.44 125.7378462 1531.745915 111137707.8 33475030.05 22941382.14 40591063.64 311404.9919 14847528.11 601371.4971 18568880.69 60521969.02 22036421.96 1987368.498 33599.8505 71799856.4 20750838.4 31267014.29 71.10738766 28376969.26 892241.2483 11418909.59 1911709.989 2925926.188 5806522.518 3232.171651 5462.631925 643738.2337 21705108.35 41442123.63 327755.9577 151156.2431 38612795.29 206079.3826 250147.351 68961028.21 93883.5395 28221796.27 
96610.45438 3491544.302 20782091.05 9008451.8 59844816.43 9884446.595 55090068.29 365853.0441 56498021.84 5103780.69 4782548.411 243503.7773 52757071.63 228443.5671 54890080.49 417273005.6 266464.375 9225676.419 2944125.778 6326251.152 4089868.418 14087944.54 7805586.413 29417931.55 5590662.547 678554.4594 383607.704 52801059.18 1238.540751 14039701.04 12215641.23 50706.54782 77128481.16 92093782.43 67679374.74 259583464.9 11800349.4 42117909.41 59672.9861 1768677.884 8661306.481 10513031.72 20995768.01 27161236.73 14945750.54 24482322.07 4054875.437 5248.574265 3228450.5 32356051.73 380056.8802 23606585.33 5472307.342 4019859.079 4581629.576 516354.091 593849.7181 6503784.646 9684265.721 7165729.38 531155.3499 6631359.866 1729515.255 8468034.449 397.1262603 2625680.115 1544222.747 586.1621281 985849.5282 7467205.617 4345308.373 10689068.37 12758708.31 83563801.69 1500258.435 7220784.787 69837252.58 584331.1008 6965.190173 11192840.1 66643052.23 184498066.8 48493888.51 21579657.44 67663090.05 42160885.94 2139264.669 345350.5033 3483739.986 1343648.04 
280875.5854 11618049.65 12780150.08 25837005.61 10230567.42 23456538.59 41140089.04 45389.22004 2341.828416 6458477.24 16779405.69 162399941.7 14959399.37 14929578.65 18369342.89 150262.522 39288984.39 6368723.433 7999650.294 56889799.14 167136.8157 107073574.3 2129535.971 83935641.79 19146917.24 28991259.35 411266952.5 27785340.88 2548360.438 35561903.37 57760709.78 48644534.97 57923125.13 16019918.46 35085645.43 6879999.47 3005214.806 33042172.32 101367638.6 1362489.992 27593854.66 4867975.918 69931793.41 139631.3921 1892876.826 715.5268656 941642.2947 21495783.64 15762446.65 2453304.64 22883522.65 28125.86912 28451909.58 2740447.749 85173032.76 32696717.62 16973.76608 920170.6731 53015772.13 472328.324 5240685.869 1174270.55 3345.907018 30538967.16 4085983.105 4082101.531 142573.2102 15942403.4 50991310.68 374382.4053 187377.2212 1692482.754 25814935.86 19876821.39 1125528.246 12728259.82 128858561.6 9670.336194 6500968.075 1174614.9 49649098.08 2205.17719 2916768.823 90343715.5 5874497.272 23730132.48 14107951.62 7182289.309 43209240.22 702456.6808 
87100038.82 16381887.07 42858044.04 25874302.59 44839848 3391124.683 385350.5959 1362385.68 43401737.4 20866006.84 4115168.781 326651.6134 42221791.62 1669001.055 977376.5664 1790907.098 3809290.747 29045642.89 920999.3719 7137453.244 32173720.24 301086.5212 2087689.903 3848431 41910400.59 12947682.52 11000.9956 609024.0802 19960075.08 16560011.25 75183.20186 4540766.885 3197959.558 12064522.71 6250970.575 42638229.09 19709803.34 28256.44415 102916.5132 1230810.536 252105.9885 2693327.678 155680.2036 7951379.398 41263140.87 7759110.95 15671960.94 2655536.166 67014417 30432795.77 14306832.54 2753972.738 34314333.41 101897570.1 12262411.97 445217.515 328511.9841 71719738.47 35447250.51 58577876.26 1170599.307 6084406.087 2940759.748 2828535.166 17327.02152 31942191.94 9397822.426 14620028.8 8387.451762 84942.61141 10388730.71 14122388.96 14433379.01 45041978.41 58403.12606 1011598.367 11540302.14 153574127.9 193077.868 2917.232915 2876584.694 16785275.29 18582691.49 15679835.57 6989530.374 67493429.13 234523172.7 4054942.991 27788.53878 84740620.77 
728361.8658 17226.10595 947665.0858 37943668.96 7380772.44 32074463.94 842609.1614 2934676.621 72835654.85 49648568.16 22190760.96 18687823.25 6495338.133 12420780.05 2253242.7 5436048.491 447398.1818 3604475.997 55173266.67 8981138.723 38955659.4 2495082.725 4542989.838 108453974.4 10836125.37 1471437.414 51741347.41 4630001.008 14782929.36 20429049.02 15513176.66 6199.807225 24277.42992 16622512.29 4672400.741 7015265.224 3646.442555 35278.46656 229621.2296 69323165.97 1743803.405 6091570.252 29254570.41 58414991.59 107470069.6 164097.5503 6833750.206 3272051.372 48377532.2 42139047.86 4555626.509 126105723.9 94522015.89 10463.95266 85522390.23 760114.6071 20725039.45 34064699.17 9470593.578 50657401.51 133491.762 2788589.826 5429838.454 4638109.531 42375238.52 19640149.38 30925674.84 4378204.003 4504673.992 7882330.244 11908674.25 1584415.743 594850170.1 5800512.685 6989864.811 710676.922 26710433.16 5902385.743 98012890.32 853235.3836 3397063.224 12899925.08 1266218.805 14480610.69 49017632.41 92792333.2 4979728.279 51917721.69 5344279.46 1754843.875 
1831336.688 20895799.79 24101411.36 3063064.892 1153998.804 756.5844191 31716.42273 44690999.37 128029423.7 56087731.25 4501189.24 44557171.02 3971845.5 2500522.63 7136339.696 3288363.39 1286406.399 28121034.74 4877670.716 168790.6465 47559032.9 23924142.71 37111796.62 45281503.1 8261304.814 38281634.53 15835621.3 9067575.969 804527.6861 3912819.668 48937628.28 2645108.174 131980300 5764970.745 27408821.24 10227219.39 5255.459973 12630694.47 12598132.74 25598337.52 467409.8028 148840824 23995761.61 296104.7902 7340546.117 1363396.133 11286195.73 2375602.866 1173816.149 1453930.703 5791030.664 32118.45432 26979423.89 1074093.008 30794713.3 28313084.32 17834905.94 162655.6422 23615983.06 9065700.87 40183.29884 1285264.028 4199901.225 152403248.4 146813.231 52776962.36 1481422.984 2839894.687 63189210.29 6169773.508 7254555.566 9674438.512 20026577.1 1536375.365 10706.18472 68158051.75 28997916.22 1200062.928 19774906.21 5962158.618 29510548.78 83431.57314 1895947.948 542650.8044 7369660.633 2321089.806 36617749.66 4607584.759 1499281.134 725514.1933 
5761301.689 12533851.35 63495287.19 21106214.49 749403.5368 95794.71541 9990970.992 49945449.26 99029.08805 1544597.186 3721688.309 26651133.47 209229.5717 157986.7067 47362194.77 28938047.74 58347375.86 269980.2243 916508.3279 3076056.403 120962526.5 4504958.827 654.3387925 51100972.46 3783663.271 337587.6723 10999664.43 605872.0494 29643561.58 12683737.15 192860.6384 43466525.75 15061003.02 36419170.46 7698405.097 34571.38995 12357110.66 32054633.12 32812127.25 27199427.31 13555750.11 8752003.822 18074493.67 5314001.855 16062086.79 30937.88766 581420.7558 5371.904654 6969359.187 303749.2767 28899683.91 10644572.86 15215491.99 27568045.31 19444392.33 4622681.936 13706224.85 2088282.903 1313306.588 711478.8088 19884733.14 1043933.657 451388.3741 601402.1034 31016949.71 5508913.44 338630.4159 221787.0197 11070617.73 55382688.37 2373814.228 66483.2441 12182754.9 1954604.467 6389929.016 50386950.23 5705.227225 503578.0454 16647453.83 39753472.61 39099505.82 394121.4802 27885878.43 9437264.955 6410400.299 1411143.203 5986821.356 16298624.13 1465156.588 100182472.1 
177328041.3 10964260.61 16511428.49 572083.4212 3994081.362 19890253.57 31588778.51 17790256.84 6280512.164 9353923.191 36780638.05 161146.1276 52662808.24 6197553.639 103256579.3 5325637.142 708180.0349 76336057 17819176.42 23364.32434 309941.0569 91726.03289 73141.71978 2275434.168 174734612.7 24336324.72 29868505.85 34341.07109 113392749.9 7217846.181 13324598.32 104385542 2115288.277 582686.0406 262767.2194 83937829.29 85022.80289 2998089.524 2165175.157 9369012.2 2103798.558 2310404.71 100490.2766 4197.065696 41637.26151 20716738.07 25015318.73 7113572.758 28264.42682 11653110.79 9877609.483 1463101.475 30024437.43 25120526.93 46005487.81 7222361.783 1537709.738 765303.1673 129962744.7 952752.2975 24705954.27 8241239.614 2766721.892 39327873.98 2227138.139 4974752.463 466388.0145 9568931.511 5759689.024 12176257.06 144443917.3 20797761.15 178332.563 1406320.153 706694.2263 979571.8588 2604235.35 1351249.931 41945904.04 105497.66 3883020.933 4221.352929 17380834.4 59196.99702 972987.8606 6521.439024 37167076.87 1685016.082 330513.7151 10736337.46 
81617898.23 59309.2713 9670537.519 39244.44935 1086319.484 31845221.92 1251979.653 22160613.04 18573498.5 12236791.75 10162903.8 2246297.089 6007157.108 3577982.773 15837621.95 36615.57825 27113965.95 39197379.52 98331458.53 93799484.41 354250.5115 4229542.937 13239960.87 54357124.82 1658418.452 10259186.85 704108341 63317920.32 29820953.92 2849777.939 32859569.28 2801997.597 154502.4825 637746.4014 14910522.03 23407762.44 10411418.86 1834610.818 36801.48707 35045756.42 69850651.77 31469170.09 535835.9189 19493519.02 962572.5984 8262963.454 1605871.709 51589247.38 6385550.733 117908.0867 37594.8842 540817.2839 8200344.381 67529908.86 1058772.746 31573872.54 26824629.26 10338425.05 196022.9483 34743793.1 15130702.76 28924.37384 19062958.41 2145.519499 19763219.06 19264610.04 7360.007771 2012301.526 9582401.502 11687268.69 6659.821148 264907.0707 134051.2203 29647497.35 5175080.249 30487.96709 514705.6641 18305689.71 77089090.88 24727676.04 69271147.05 185423.9465 599859.9321 169576116 51305694.04 941271.6983 10649877.34 126901959.9 733592.7088 148941.7112 
23056153.45 47225.66677 103261.3205 874008.3455 4620176.988 88249.60503 524689.9718 782070.3205 12760424.98 3655731.07 70831935.31 419541.7768 104852410 1069481.245 335513.8749 21614157.69 7106.974248 13387842.69 16574394.76 60395308.16 131833537.6 11431.92669 7458.823669 3594177.836 48679.44052 23329497.68 27941417.99 10282238.59 26858433.09 25738903.73 37470450.8 17771887.43 108229141.5 9303559.22 8445326.279 11092349.01 1736273.149 447576.9993 1114477.388 12593752.99 135379979.4 158154.507 24616.48101 26178.61199 29105660.91 168271.4964 14288871.65 16023038.93 10350447.11 68398.75354 793217.0341 138225.8425 6475087.152 21701603.9 67264311.43 22245.15546 11864080.3 27422196.34 2671558.244 154327.9524 18328523.72 24028278.66 154007.0298 69184270.19 26103193.73 6309096.654 16400096.5 2875772.92 15689321.47 4623015.385 39000800.98 56233576.02 24926620.15 147644460.5 35839779.82 10182.99659 5660.739293 111614.061 159215805.7 12533.7829 74437787.86 32981605.65 45893125.7 5797184.178 341712.2341 30704612.54 72073880.56 376638.2199 58148.84788 3461019.179 
18814952.48 324136.1219 20913987.4 31094698.6 3237296.685 15915528.42 44085.32101 132008268.2 18234103.04 6072091.745 1061531.639 21358604.21 17158546.66 12027981.14 555718.9494 690206.3768 14663868.08 5693413.938 42436.25653 5535765.124 7125570.09 884.0194837 1224.478715 103573860.4 19065294.71 25584.94716 32997402.07 79177967.94 14.79404946 856946.0246 24331266.37 4255584.677 662.6249831 4311836.28 6728369.861 66985455.97 19516423.08 127127420.4 1037486.373 168449.427 94364647.11 74196260.55 37825423.57 55501552.76 25864620.73 15906223.28 289856672.5 38333851.98 44128158.21 4336792.148 103325514.8 1317114.088 3551775.276 60983965.28 115815543.2 920112.6977 33706255.27 12670830.33 2004368.288 678572.3016 33896701.12 78235064.64 97.91381286 51247925.39 270779.7931 1006148.137 79102664.12 361434.2501 12113064.31 139302.3215 82998269.46 22366451.29 4146536.719 66424.51429 36969498.17 11996046.84 224265.9212 47711928.77 680147.4305 78955544.77 6234118.92 42494626.16 63270434.28 47969.64639 1410024.113 6036696.489 8399016.897 9471542.376 247026879.1 7715484.005 
4003.286322 1301801.306 50783113.2 603142.7398 15313823.82 132509.7262 4761863.387 1011770.4 3642544.896 43104811.07 1500806.477 29095325.98 17646320.24 74357334.14 927361.2562 40201465.8 47893635.54 4504269.029 82264629.5 11450195.85 61878141.13 1859291.73 6614777.071 22171.25714 19617111.1 4185554.67 97757534.57 46241.05889 9661461.06 1086747.916 11778754.85 1657710.616 9170945.188 3878861.104 8683562.342 5164637.972 186506.17 6187771.335 2350899.228 1445241.661 9021659.159 4881505.555 10202778 66358274.58 89327352.24 147771.4045 9793633.419 5007570.791 14571960.94 749265.185 80132475.22 77438.46623 1946171.423 115549.5854 14360456.06 33199633.87 14449836.84 379083.7461 29357599.38 8868924.624 159428.7482 1081484.107 299323.4514 858733.6599 116754026.9 51627651.94 8410248.223 792419.9907 1543199.87 16748864.9 46585225.56 26894186.74 66298922.01 5155571.655 2096.2614 740.1453074 88931381 261898579.3 7732288.73 20584818.63 4805.708754 2911890.646 38141612.89 26740017.25 6548241.099 1078575.042 11749180.81 54805546.37 21246096.91 535220.3735 
73220.44275 206952.5569 36165625.34 1086933.444 12917984.54 1741582.067 61720184.22 6541311.619 7803898.93 2444103.365 28756539.95 28436403.9 605704.6189 15023751.61 1540.168673 20790591.64 5363297.29 33178.91313 729155.56 36242743.94 9318112.125 49126114.86 170387672.9 2570.769674 1718296.005 79053618.35 18380762.98 4766028.013 50980953.33 2097325.018 3010.892106 817507.7071 83082595.75 20972160.67 100253708.2 151490091.5 77028042.69 3001204.624 6984701.59 58155750.34 5281915.056 1848257.14 6939887.159 4057912.13 146.0790734 1061466074 44964791.93 32227741.28 34355322.7 69329918.88 392804.0622 10365621.48 4745197.463 16805.70791 3415659.768 7439314.774 5565599.244 2833334.287 22827468.14 50794160.81 12425443.37 1210118.097 32227873.03 612010.6889 12623079.32 68707916.85 424801.5773 36531628.16 14086956.53 117906.1389 106997365.2 3834283.472 34609541.2 31115117.98 1367265.63 7307612.643 65345658.17 53819.99975 68725087.55 922503.1902 37804399.49 24120.455 393986.6783 36050728.99 8924429.113 13674799.79 5042524.356 3199778.222 54792438.09 167098550.9 
4430640.169 35103809.71 2797200.87 28883716.96 10038896.68 1622707.417 3482795.936 10106174.38 62191.78342 949662.9353 24168672.15 470397.9822 128470317.8 5279503.499 63221.22355 136.6557229 60566.6381 46376503.57 10460494.33 16185265.57 12035216.29 6877352.509 20068.5403 3072332.388 2602009.893 40657.77233 29549092.51 6510222.453 19551412.4 5763476.097 28804909.05 23813518.91 268350.0734 1496414.684 18964182.5 5995.262696 68707045.31 872774.3826 9980642.189 26947138.16 7702628.733 938741.4863 7520.761608 4528399.73 265407.0508 17620464.8 2818099.559 79391657.78 41221233.7 29318382.99 2695048.582 58567554.22 8364238.265 12319064.64 26176384.18 216.2831004 6823580.872 10071966.8 44335.1026 11314866.63 26583821.08 6220.030862 195348675.8 5635916.576 31379119.95 192151578.8 2019017.746 5837093.081 3346405.154 42666.67814 3228868.388 833044.2206 443839.3727 1491555.807 24086011.59 10844687.4 3108839.008 15999234.4 208579.0224 5490654.787 31888456.09 16879070.73 47907492.44 488244.9249 30795334.72 22601276.94 28409185.91 436369.6881 7592558.2 14006619.82 
128516914.1 6153229.656 2626192.548 4168759.056 1056430.259 23346527.74 561817.0787 231236237.7 2310167.432 30071708.61 48115.6375 15186228.02 92549168.95 15369937.44 28490347.21 7268614.276 10722611.85 118432419.7 30206388.66 4955712.531 23845962.12 1311459.68 5725525.576 14095841.98 1812485.693 6223843.983 30346004.64 5971267.796 19409088.02 262443.7247 41112200.1 5548673.29 61281986.48 75266.85926 2427.776345 61427470.7 18553237.43 717733.2955 135011.6648 14526551.41 53642493.1 28355296.65 757762.3169 120481.2443 46787753.33 14041393.57 357844524.7 195.8007896 33798686.23 11839874.04 37559857.82 60685.02272 29450532.85 1773.486438 39553488.12 1761.670804 12890206.11 14070281.77 115519.74 862966.0218 21167493.74 30226480.16 5196756.585 57880513.17 44906527.86 2059.744156 6285308.67 2622.998513 21135625.72 11804120.38 55032948.24 175677.8473 2134154.935 650816.69 8320569.162 11540585.31 477671.0131 40673660.53 58739.26534 3726456.596 23226589.99 14919038.01 3152857.62 575593.1792 34310693.07 108181675.8 405894.8074 3000012.854 5375211.389 14598825.39 
22290558.56 118376192.2 17392746.38 1114153.498 37048692.9 3618351.749 552987177.9 4397771.69 6327.890165 8980365.105 87946.45584 744599.2833 18368980.54 37228329.25 83736808.19 47337913.37 6011824.15 29611021.27 13226138.17 55837204.81 29389504.93 101850801.2 1457196.943 11049350.35 47878362.72 22590472.78 19594858.57 23333256.36 73079459.07 134659688.2 127024.8144 158970618.9 34684791.86 742931.0141 19244276.05 2073205.82 6244892.138 4683.699163 9633953.296 128392.7306 18015489.71 767552.9035 603805.0593 14147279.53 64434.18744 25664712.28 90295.13352 6860112.773 29540034.8 72277.61559 52861805.57 286132.7816 24220294.66 2226448.036 177789.6551 11171521.77 4950482.331 6570670.842 56962156.64 56400554.58 99720674.1 66504449.68 3776707.896 158240.1809 20201189.51 29310840.01 9022150.167 64033.72671 34002543.44 751589.796 26329483.85 43560901.5 36931467.85 22824793.02 49807713.43 4800650.56 21637523.54 27277912.02 2429176.846 81373135.8 17521400.42 10588644.67 67502147.71 1540970.969 7558011.739 804428.736 11482851.02 60184.94024 641094.1152 59254612.5 
63318.21378 9770121.894 250131.0927 110187865.3 139029659 24334656.32 38743690.87 86600996.09 8460936.715 58534769.12 30.3535506 2081225.877 38033375.24 20911972.92 44523566.01 10967577.57 2778265.796 30150443.53 3221704.934 9349216.563 64959891.83 117761811.9 1388369.511 30890846.31 14440431.92 77696754.63 68162733.13 117338028.4 4942578.808 68733359.75 10481560.7 16473187.56 1941352.962 29610304.22 2213700.469 1274651.626 9189754.076 171267229.4 54580213.31 81198934.73 29248871.47 10146494.96 5064.485249 74466110.74 10511526.12 16899565.51 6029042.463 138376.9637 302.6825315 113183791.2 59312742.49 234724.3383 75936.64806 12262850.61 3819878.216 127741108.5 73348.62711 614928.9915 221914960.4 11051094.61 13258447.16 126161.4736 21172842.09 17009127.92 20458994.64 17290.40002 30329524.05 77300930.72 11349148.84 963.9347969 72232509.25 27685673.68 2012.756611 904161.6693 67273113.34 59268405.81 32804338.14 116855.741 767710.6884 65043755.76 52438866.62 37814380.16 22313991.82 167629320.3 6481233.93 13263.65913 7530220.205 19229840.54 68764065.36 158574.3277 
365188.3667 7135506.72 348552.9967 1266.16466 443027.3749 14475629.27 1272392.406 621232.751 13484447.21 77.9200983 6848002.544 5808568.978 27232624.37 10094554.99 11884.39777 63124431.1 169288053.5 3281099.201 72590676.11 1979628.518 43447349.92 93252232.17 34894843.56 17421841.43 1786357.134 90105209.29 12036.13041 632840.6902 270925.1856 17772719.68 13183.38726 1539892.344 91703883.99 32406540.94 47424845.42 167369967.1 8708141.576 994818.5648 11068.43712 116171.5344 45102139.8 374.3573259 25185446.22 12886844.03 4769734.954 136087.4019 4323442.412 7604336.727 87804626.7 42766196.03 64962124.84 23090.57068 32852.60395 24841.45914 29841083.77 109926320.8 347112.7812 25629263.19 22809.74747 5626747.705 36711153.81 2131954.424 16641906.98 1876727.685 1121091.005 51851794.4 16210620.75 64159972.3 6519.953296 24971526.92 2361.476154 4083535.64 204.2799523 188456.9142 2682.54785 9255802.434 5140.272557 20408264.39 23775245.25 1175258.826 91584.49207 2408795.756 19307983.42 92067.47904 12023.14498 10561111.59 65062376.14 1478952.466 206342.4362 8932663.353 
9518476.228 41209418.84 152504211.2 394969.8915 65402148.5 5469777.665 152510601.2 14322.33151 48766258.43 2602302.146 60691.48045 22766261.79 9586005.621 4939289.432 14936973.45 15134184.5 15904130.65 7343232.159 4238150.727 1278132.243 1010998.896 8096.901199 10639125.13 2291121.882 352953.0667 3138861.469 71494.12431 74059655.78 24022326.67 277086087.8 39373768.72 18198186 29441215.72 522693.9612 20402841.85 92294.17165 1173843.905 2086915.622 30616884.87 39079.38143 57168533.36 444369.1934 41748947.65 10625473.09 1293535.216 18913.4132 87510.72788 18877593.59 648516.0282 29161858.12 27325968.93 51438211.91 49871.33014 14341251.96 10580656.78 44076838.23 1538938.356 13104594.46 7344987.507 1255566.053 2995196.338 11323465.16 1075739.083 127735501.8 28851395.71 135731.3909 43921836.69 22870835.83 26302352.66 862865.4312 37477233.58 1925.337622 8190041.78 1139486.524 21109319.06 755685.6583 230967.2239 34467001.19 23918.20422 30606079.53 85843.47983 75490559 135728.7101 2675337.636 16410359.56 10491160.12 38083919.32 3776231.859 48367350.73 12088289.94 
106709985.6 11338388 1384.655758 39439660.72 420252.5564 51380861.4 138974674.1 10535118.63 1033289.828 29296.45215 804089.2334 2170169.952 9245305.702 3135415.486 37420935.63 28957411.37 73234.21956 231356.6487 833686.0523 13465382.79 57750744.78 25431.71809 597926.288 7341873.402 56980928.09 579834.2319 3759557.216 2142970.732 73676649.58 32725608.06 67000486.03 6021650.274 6648.048702 30432.86855 6431554.205 9701507.198 28735671.23 997915.7024 186628380 36146.58073 28753501.6 1004586.467 1359882.38 2176914.503 3375045.664 162038865.9 43654557.23 46325.00352 45252309.11 9860614.12 26069.19355 324545.8175 6182695.922 96225453.65 610109.5996 6334438.306 1053176.344 57.50185516 24510134.68 8830103.205 6218821.648 67864163.83 1304558.248 19975261.33 2341453.264 70951311.5 209740.898 31152541.45 32594633.66 44326217.31 1078259.685 16303296.56 287604.1278 12218873.94 52835664.83 19577731.26 60594.47189 2079789.218 33544991.21 46932765.63 1580977.213 10854990.75 1144665.944 1951145.096 17259802.05 616443.3442 51299161.34 24711209.99 8258879.758 3454793.237 
12174782.26 2566254.107 15286503.18 93767546.16 194629721.5 27714990.21 903215.1773 1735245.395 4878768.636 1866618.363 7603665.008 108752631.7 5456534.048 24348516.8 34970941.97 25323152.41 40190569.05 61884823.3 311175.5112 13628326.89 3129694.142 93688.63759 5823574.831 55920861.49 32572104.46 33022484.22 9217.941038 76964566.82 290008837.1 9859331.57 2852291.518 12655238.98 2425806.844 6987144.501 12987456.41 11374958.19 60553911.46 24380199.96 137517.8118 62071339.74 9748352.417 6382457.547 2006104.76 660984.0079 34487032.15 26001581.11 124281499.2 2084871.535 5999604.14 17993936.55 59890590.6 87136.66681 1113550.741 40142571.48 15027031.83 1415157.395 43422957.28 10250716.16 1197975.331 6927821.714 18093759.3 97374152.59 11136.43123 24681345.39 1636277.894 830689.4854 31785078.57 11733728.43 17813.08333 542172.4719 26964187.28 316420.73 344805.0667 2506356.66 809161.9329 4029267.42 27635133.6 30302327.61 11787350.58 40920013.51 103921.3206 7345560.329 1382438.02 24405164.95 9621746.78 6419846.884 8288.893518 219100.103 86966321.1 2289905.687 
5845223.552 811442.4846 3639729.407 43489258.56 1121275.78 5385578.315 6816482.618 48236496.65 6775202.348 26418162.53 6867238.66 586346.0783 215861531.4 595020.3573 810397.7003 8354.036412 1730846.597 27052123.42 10218668.09 17420171.77 134685.211 1633835.775 376182.0143 9267804.699 371364.2016 6943489.768 39350236.55 290943.7768 5518908.358 22162837.47 6138025.569 22511527.79 5890821.861 9135482.1 126733330.7 150849.7865 185658.7924 455885979.7 45321188.09 807616.6107 136417.8452 32378873.16 122763186.2 9156700.81 17000367.76 455582.615 11188484.84 2469830.992 13041818.09 7689068.948 17819082.37 672946.9489 15665359.45 1102574.591 7870.777467 127867823.8 2952358.508 42770485.8 1221087.808 1765345.118 14810714.26 4910313.438 7119934.999 2304578.323 120613.9275 446958.1229 57077567.28 53341342.01 340435.2859 173742079.5 66817295.06 73086560.3 18544014.18 814530.4386 4130613.634 5009869.301 15019201.98 1995351.085 7374382.175 24355233.22 5835369.121 2923221.37 77276448.15 4445270.276 34568544.35 10427474.11 2181878.691 2853177.573 158438.2912 44211222.03 
3189699.66 826949.7846 22294476.23 4788348.129 2388924.687 5410637.285 8173687.526 5901382.189 5625970.765 9001342.542 10839266.95 34690894.41 10752049.19 3951199.163 58619299.73 134244.3291 24912.75863 19630165.47 50137283.17 226617.3135 49574422.79 4377647.614 1182484.845 34809995.82 5915783.456 9872178.534 372631.6473 29285546.03 46074.36749 35967422.7 18654963.05 489758.9354 97120136.11 23225.41041 9610235.46 40947772.92 42082.07304 31628816.04 12529866.85 214196.9017 5113198.867 1579544.307 807461.8824 189931.5994 10486462.54 392985248.3 1249671.8 36879656.94 43323793.25 426206.7819 5251299.7 42991588.45 199597.4891 3910151.708 15231257.87 27217823.3 119558267.9 51453881.17 6148954.756 68994805.21 11110836.44 65217660.8 684049.9983 2689837.72 123753.7907 976385.3619 21328399.22 8053.973649 108603738.4 11087887.64 95530.24661 474.1195366 3013.009515 4184471.204 73464803.48 66718011.95 1453483.915 322911566.9 177046.452 759966.5803 13894.48689 5423654.018 63011.22654 2720462.444 18511.9136 118724.3327 5928485.512 103483386.6 553.4370247 13275239.68 
14185798.03 5587886.609 35989423.42 38184026.95 596477.8961 12181.8149 14879149.59 3031696.305 60084540.87 15332.97985 18423.99688 3771757.417 21623.76173 3263734.613 6034053.72 76373381.31 814768.1899 16268032.11 190241.3206 42600719.81 69229469.58 105.063931 6259.718127 6610575.247 1923043744 43680771.58 17200444.3 2888137.14 1200534.296 15692401.29 3683.444379 8267396.755 38161.50497 12775877.35 17741226.39 177401.2718 5272435.927 8769883.237 49570298.64 135572250.5 117263934.6 19181048.72 111254.4963 31331988.12 456993.1872 198511.3234 470729.4988 15188837.86 19306.66195 30104.14924 903947.0919 1314959.862 313837.5908 829091.5229 1059301 4654876.684 22258138.96 896199.9685 10732272.57 1733333.757 5444060.938 4131.205172 1446152.185 93.09423408 38318296.12 13837559.34 6462982.417 206414.7732 149310818.5 4747483.745 36150.83991 14970.97342 24766243.31 15595101.7 7491131.203 2251244.634 48372300.61 23759106.69 96773954.09 79472428.01 24787617.99 9727265.349 197.2355068 19419999.68 40021356.86 7273940.045 1961370.055 30952895.8 46975963.1 1774020.121 
8135550.303 10986853.26 5640320.523 37082728.74 7562142.454 87821063.92 35159265.04 1243255.531 24973835.64 8804240.823 1300709.495 1376083.32 131824310.6 28463757.72 31446684.93 545978.1651 17659009.22 34709061.37 21273723.04 4323634.965 3333816.497 13252.12087 49164.49671 473619.9532 41079944.22 78367702.55 82336.87351 54150402.17 996761.625 5434915.183 803722.8491 6047005.142 1503490.368 130595.6518 35165476.78 9370236.128 6424319.645 20188999.38 31253906.41 17873359.03 15342445.56 3517946.162 440485.6657 13974870.13 887182.0026 56551516.43 360073.9383 16764091.06 11793211.26 4692.449814 1914.245095 27256701.9 139459.3453 66722.12458 19910732.02 33115139.03 264.8226856 74875601.9 47943.28423 3680287.199 35060227.54 48383591.27 2784390.313 163.4634566 18205854.18 48952240.07 4520904.702 36440653.35 9661763.442 14981322.86 512034.1801 66676039.59 293455.345 43371227.09 6158679.128 18778319.59 1770015.383 21132.36879 3976783.833 3111672.656 60.26639498 2034001.28 14961824.46 74729854.51 68257127.18 16376307.73 25100575.77 191636388.7 86419962.67 38897997.87 
49160063.02 5609262.272 17310434.54 21503720.78 771185.6554 260592.4664 1045273.205 1106249.193 513.5603736 11940174.77 2640827.195 5594748.237 39191506.27 61140664.04 51065058.71 317853.4451 71097466.26 136411.4213 38728.03641 40656653.45 67162196.07 40634179.09 80505704.57 30477392.5 339091.073 129651451.8 2034147.164 25633.24673 8259973.171 11802591.04 12810442.71 43043959.95 754538.5455 56789772.51 2979370.33 175777.0307 16500896.02 3128401.971 267163649.7 620749.8395 130175260.1 11988784.27 45187125.99 40427338.45 46879853.66 2446784.468 45189209.61 520475.703 18085337.15 72001245.68 64660234.94 3218334.807 7878040.06 5651.871123 33445621.01 120602383.3 8172915.43 39199626.22 10118880.72 33103515.87 34920027.28 30537461.23 567158.1068 10973295.86 932582.5829 14899975.21 11647209.83 16357906.1 12047947.15 9449623.401 11459221.49 3089398.186 323459.96 249083021.8 66614.7471 705458.6553 38286307.18 5340789.05 83477788.67 24078910.73 4800440.039 28467358.87 63092105.02 7004910.502 2456872.131 259660.774 319804720.5 2334624.877 1916628.174 67415611.04 
3173438.091 49482.04652 22302952.36 30843445.43 6595.448373 205742.928 27581740.43 41521716.56 824833.1578 3359798.948 1711681.836 32829613.91 610.8889107 33325491.25 213095.7972 30913501.65 21711897.39 6202862.437 4775976.308 23678846.2 351965.9508 1122211.997 11180780.32 12996863.67 760680.1698 18022914.85 4365081.832 26854618.84 12625612.75 1528715.554 4109036.541 328177.4666 43513407.56 3011832.764 52938.33845 14981.90929 6854591.177 2853212.213 48027.72984 21359689.47 56648757.12 21748234.16 66654.51552 14025624.35 12907154.13 93155949.72 1134012.528 65121281.63 6526740.439 33797381.29 2908178.195 691456.3583 75421097.21 4914232.044 818.9421544 12951310.65 754524.121 4320215.323 9666684.558 75472910.88 3092432.064 19228713.42 1638723.002 2812354.748 990471.3285 1257589.472 18486336.33 596696.9057 10505361.6 7977306.906 6913275.715 12603098.63 91381.1869 9042195.231 37732257.88 14988599.69 37605184.06 164133859.9 16934069.63 25492167.86 462043.6778 799938.6569 99433510.99 954429.5096 483924.7392 36468989.92 52594731.86 8615783.585 14944811.46 285005.5136 
21364607.09 243360.8808 539365.2051 22313527.69 633153.7909 369197.1657 6477172.824 20928051.1 7685635.569 13177695.76 10121791.48 5996341.099 1945498.047 74583.11872 3843802.326 67063660.41 5675983.579 6151442.666 144680578.6 1943477.616 94348828.72 16029407.06 1394157.153 65094411.06 13295700.52 11399788.93 5077746.988 33226369.68 17171231.59 18461681.92 2199004.243 1612.947635 18544443.37 4420038.166 33702864.17 4727003.787 27787802.82 34353065.34 14478949.74 8631921.481 2537064.394 615798.3689 14229736.64 3161553.745 7583279.406 7740098.306 1853.44767 764449.5495 11920868.62 2870611.506 1184635.067 3735279.168 364366.8579 69315633.06 5126.541741 59562597.04 2495396.779 777.7923147 116341.1447 77425201.09 5300087.32 38647151.45 742.9630328 46602945.97 2640588.469 9795194.16 78673498.69 7544812.374 11057041.1 74080708.67 690959.6188 15705.78344 181114400.5 93573918.88 27768.67346 37022024.25 8580220.456 34267317.97 16686825.6 103698.3764 7847616.286 10955.96724 64852079.95 45267519.92 53158563.92 10066728.6 1482.68346 983060.3332 191504.1088 4639457.598 
160514.8716 1093.777521 15111.51665 1881381.09 1093.4583 3065080.802 127216119.6 8730963.061 1744650.451 51162392.34 1151419.326 78885635.8 29743.12537 64748335.76 42160685.69 762543.4476 83506620.42 8921280.564 53867.40412 3692244.682 3929494.358 4689195.231 66378613.89 3805.320102 9128.64522 671398427 32203150.18 3358022.399 5908891.585 2552701.856 334514582.1 43703522.36 96792889.15 16431394.62 40678087.88 4356177.502 21809308.94 9467144.548 96620265.4 224650.6213 167554.3681 501113.1007 1231.069656 6609753.684 2925688.194 24700.44471 4853785.248 8738960.347 9776689.638 2002392.501 930436.2861 63451935.08 17290347.66 7276779.238 411724.7749 8940813.664 520634.7778 4981629.11 8454601.885 1408325.214 2977152.827 9437210.192 36430786.95 17996676.11 2497960.954 3181008.771 1525.748579 38156514.15 9951009.093 518397.2742 33019637.64 84269485.95 26070533.46 6221882.256 16230901.17 3961630.072 5791199.951 57195113.38 188629437.6 2517842.801 920226.7158 36471960.47 10460702.37 582922.8889 6473381.944 32633498.79 58667624.44 37942.53588 51155606.86 1611844.754 
62717570.79 1239233.713 5062418.751 630007.3068 52682863.87 16432621.21 2540300.5 881424.5713 65940851.16 34478.49952 46038100.41 69662421.19 142744720.3 10179342.93 47653860.98 10186348.91 156662.8353 95591.81433 29886097.87 6138359.843 6469036.719 38723.39558 14052.95003 647998.269 9203186.897 8425458.204 30732701.36 1459951.631 26665507.06 10748549.3 27878620.67 2985847.512 18126455.36 22374106.62 2363426.887 34464734.87 333986979.6 12812776.85 703988.9079 51593612.77 89735815.03 39009002.5 60495269.82 13797591.11 899.8716499 31341408.2 340848.5542 437234.6524 32803891.43 3200792.147 7885581.437 92816288.17 46075288.87 6117430.009 2550987.601 38526445.24 1049.724502 46362557.72 21494.30539 1650450.292 7485464.11 3048110.721 91689869.01 120579.1079 169772790.9 285226.6206 10750644.31 31312065.48 18629177.06 46396687.6 27776564.84 28370856.63 6083438.19 68422974.14 45501643.17 63748.88487 24543285.83 54909550.15 19930178.3 516347.575 35632695.25 101249627.8 73769285.28 66946506.18 10870892.5 5413802.247 1550655.645 13130953.93 31645.2364 2555353.37 
1042008.855 1684986.15 23444158.56 9359997.789 159386320.7 10864302.78 2971360.357 9611774.525 139135499.2 26563137.74 3993820.615 9634301.001 24525318.55 5920166.498 5882025.586 14217721.17 1866010.986 61852697.15 55708195.37 23973783.1 21879407.12 376799.3034 20427239.17 36347699.87 581260.0408 17279.71392 97319366.26 5529948.283 41860.16761 22618987.78 15213822.2 10485018.62 3611281.044 20029769.99 15253932.37 1832562.711 10062553.64 18440919.59 6363519.506 26237.5184 31265935.03 3069728.724 2603874.134 26371934.29 52576283.82 126371.9352 153901.4085 3477057.246 15674858.35 12355986.2 821111.0562 520988.4412 3365180.814 19183817.92 13712597.88 26377850.74 26857356.76 16680602.52 37904837.22 1658343.035 31203681.44 12895.95767 33746742.61 2690.400391 16466977.77 4013852.884 10287174.51 44623543.48 3989639.882 304853.4551 64485277.35 12881190.67 2529648.74 11086029.93 7273190.853 2308661.331 16683131.69 45188.28132 1932729.414 26634048.43 277235.2364 3187410.55 5773391.526 70235293.23 12787448.51 570840.5162 37256877.01 24193049.33 4667168.389 23688578.95 
12215388.48 1964607.476 363950.0514 2500348.012 9136888.234 129.6305216 45009433.62 18303856.05 14070523.86 4696827.888 3546452.954 369097.0965 175658176.3 159297.281 10922579.35 8495904.145 20608914.37 6599318.015 9824930.522 5528405.271 43794716.59 12700463.68 2003550.991 25727202.18 157641653.5 10091311.92 32389229.82 13739820.45 3309108.434 17257.09165 42872.77264 44839.50801 2807970.855 37778.29349 34792140.57 22578467.77 17245430.41 97860857.5 11654621.82 1653611.329 3497222.437 8729174.461 11368286.99 1450952.847 3519292.932 17088282.78 5649917.747 1438.234545 875318.2849 103972988.6 105739.8327 83605672.77 839181.006 7560607.019 830.8799463 816.6381066 1301481.258 157476841.5 26829092.55 157923.9338 21317978.47 23183.49516 3337932.03 44001912.87 3002740.541 954156.3786 752859.9664 35649891.69 7883592.71 23274867.46 3407925.309 3757477.199 3892511.099 25918255.08 44342934.58 7173037.527 26605775.92 498733.9155 67808994.61 1153477.378 35810938.71 30576917.5 11942711.19 23900431.45 16215739.63 52538.43218 53141884.18 32563402.95 1347748.975 866906.8853 
5088835.474 134900.798 18657917.18 20570718.96 33687349.61 12939996.07 470198.8968 121074622.4 235975.7096 57351459.77 86243911.84 19382377.61 5751524.381 4208243.474 256205.7939 2094933.229 56721496.94 981640.3396 3477875.075 66078681.71 3525097.347 5013859.272 5010847.327 1433204.492 20164909.06 57081814.53 58356.38184 1729988.689 58106321.33 6265938.199 181192.9359 4409686.966 6593916.597 3618196.879 48640750.29 1736144.792 2159441.573 8696915.713 7763799.91 81246503.39 18685743.04 9622086.549 763461.0574 11922.25055 5057858.977 950969.502 11743664.23 217794.0593 6697767.957 71860.10458 2169.077916 61928076.75 19112718.23 11288264.32 1847889.644 22653298.61 80694209.15 302290882 31386292.45 30434829.92 40632108.9 65532683.99 51482655.93 12540514.01 28079073.1 1259.495302 680313.1773 3904016.042 7344610.115 387499.3937 19101940.89 3719238.947 17119100.76 20014299.9 20457.73348 76916.97318 70246248.4 1985368.309 17608267.49 3236235.304 6763793.034 13053763.98 1776152.419 5090004.656 488849.8192 4386979.568 24623206.9 18105.67785 900872.1125 16283293.57 
2415822.054 2672937.936 78819.84173 4836242.65 3267521.88 690.436053 3496578.323 113059.0197 8410501.111 72548.35066 22542775.11 14225904.03 12187133.15 15616245.74 5553708.83 1601892.026 71481.24543 25813886.34 7331145.712 14031156.54 93640715.55 233.5687794 11198684.51 606694.3305 1390067.314 8364306.276 4864227.82 6972.685207 262955.0292 21011.09284 7805163.485 35002184.54 4787929.378 365032.4615 1689611.956 26710322.73 32335963.34 34235957.26 42845409.69 665160.0126 14410039.62 12523487.71 209617.7429 1383079.889 62659713.33 31653580.97 23385566.72 10123863.01 140124.2486 4096156.128 175511135.9 184853.6035 721143.3879 43232.43982 34105779.78 33599068.62 8620.532834 1062800.985 13571281.35 72097672.34 509.6505007 89377.28272 84432261.07 475392.8204 385778.6045 40624085.25 90968125.97 218405.3375 7753945.062 1724882.011 3225260.945 101635783.6 4065238.149 61008678.31 3432352.518 3459961.007 4952039.833 4989775.929 15635520.74 23419060.58 13278467.04 1435604.972 7805068.087 152551839.8 4210948.301 2518168.341 19943005.02 32833981.79 21131724.69 948107.4092 
21907.64104 4178936.92 29799195.63 28193556.32 3361824.516 25982.53278 195347744.9 14314289.18 367586.3461 18405795.34 33283946.79 85280758.09 42636395.33 5509224.905 49652.35974 19727127.61 26.96099122 9786988.399 5759630.953 18881654.97 62098759.5 15651987.97 7738760.692 75359918.02 3330064.348 2908461.065 44888318.98 872061.0293 2996794.238 8905561.549 3116690.618 25479345.83 270671318.4 3157767.497 103808.8004 3346631.396 99915778.55 6216.216589 23164738.65 11705594.92 230241.4681 469368.8931 16825615.77 381005854.5 14118241.98 24430228.89 323944.2356 31913339 54895305.88 5163236.618 4650602.565 37077648.9 3003108.765 3669676.141 67974.60752 7781948.697 14989124.44 130660576.8 17489205.1 20100509.26 293195.8529 2811520.333 41362035.11 9820.575553 8342839.013 864398.9954 89352052.7 94811194.73 113007320 1309199.164 40004763.8 24026782.11 17013073.92 75102889.05 248983333.8 749052.3858 43724249.12 1303412.653 1765045.778 19150741.44 10774408.82 202044.0996 19619196.93 138376262.8 8637071.63 3988.858304 66402660.71 4162547.637 5264.032399 17135406.51 
3871067.223 22039.54738 4220996.95 68055.85905 105402.5793 329032.8099 62576536.64 22038.0167 913921.4828 27332757.58 19141642.23 15661632.68 143156.7625 71465262.35 6706213.618 3498665.372 20154046.16 10665070.69 42256540.05 202740066.9 56148701.08 15365970.37 6355128.512 31807.48092 401200.6028 16463002.16 1994627.811 1219798.031 773.0574853 2636401.968 9102272.393 18541729.25 7213587.424 3601500.74 1180650.64 70296261.37 5734441.184 567806.3908 3844087.716 47000521.61 67659216.09 21576682.65 1739235.157 6984065.112 150052.4738 17554884.8 2146817.41 19059008.67 8502.872649 3098668.616 15260368.66 5894823.484 6660149.107 3494235.726 27799521.27 297213.2977 43083407.7 5004734.065 257168.6166 39408612.08 1994.95716 12574628.85 122287.8357 33836.86112 9142486.188 48446.89837 7419224.918 2819035673 246934.7037 356271.996 23303278.95 69568943.01 1579591.256 6124477.158 113700510.6 163061015.8 1691021.556 44293685.07 17439892.3 2802256.578 42890746.99 371325.9971 3686726.425 1940777.193 17401244.18 4950884.886 10655.94415 8214429.124 104715790 12769.63926 
20817482.4 18294052.21 8030436.928 18556.65485 3089388.548 5648519.317 13230482.54 18988846.78 11709304.74 1401.127986 16327132.79 8986317.945 273480.5925 94600957.54 1906483.17 25981435.89 59285419.82 990191.7548 435927.2577 6727464.687 1656446.905 48170854.76 12629.10571 275747.542 338936.8002 37222.08509 34795663.06 92569616.23 3430762.542 1515549.854 7102768.793 13472363.87 15596365.11 44787.04789 199152.6287 7215284.262 26419.85253 35897605.88 11959710.89 2092307.659 778421412.5 10428.32082 186856402.6 1023292.167 3138856.93 36071911.69 217157.1906 17152287.81 130477.6081 59085493.42 914884.6804 22479775.82 101971190.8 74326323.64 147102926.6 5834644.386 2670079.984 242045912.4 13663891.48 46070644.29 77600470.49 65045281.43 37959.19093 49444327.77 1945961.666 20352021.11 5257.506492 17295935.64 12063474.13 1989262.938 18133.84723 22870118.92 58796325.9 13011.86323 17470107.35 41521.77165 2906883.14 19817727.74 8151.367641 13085327.73 34528822.39 317320099.4 12444516.79 44368.27953 11504552.9 2933.344112 7860931.646 6762855.912 203214968.6 8793981.717 
71663494.74 40196685.15 12812227.08 86828.97992 3204674.817 20156927.8 4587106.954 6484.048436 63417256.02 58269159.16 23269.68182 48876033.49 2588198.053 48411509.4 4516.327018 322040.1394 37506960.54 12892072.14 434821.3585 44116356.57 21284903.15 42812367.99 14594581.71 27514677.8 3167908.203 5011072.815 52927883.63 54557.96586 222824.6083 325004.1847 109019.0713 79552482.49 200500.0375 172882.4558 5475473.415 3719812.193 19049706.9 95883.05397 454218.6622 252633.9575 645333.7426 1215533.702 38774409.28 38895699.29 11644152.54 15300977.98 50255228.07 61.32377047 65505046.29 2849674.867 6878930.136 37406760.7 24433290.77 1133458.128 10920269.78 4835552.98 296118924.4 167635.7237 7857005.991 57993328.03 37558204.3 8.909584769 23078314.78 78023828.78 113469315.5 122819214.7 677622.3702 2958524.662 3860946.391 145740415.8 56113.03576 1694238.749 5142.486608 38569749.81 22057.30542 10158907.66 347428691 29133.18566 5237558.982 27236.44627 13490436.54 97928029.01 5347208.638 122719099.2 272355.7112 37457907.68 106420203.6 17249741.19 77069736.29 58643970.19 
10230956.74 352077.2852 11197336.77 69998.37547 21616744.97 32191633.15 330323562 94539568.82 15384.78584 13653288.54 12252137.72 1111.431112 4989358.805 236659.1157 1894349.003 39025236.01 362898.9871 47320886.1 15145924.87 58881153.79 22837578.48 103.5180397 125636.6255 39706687.85 24523519.67 15969.59993 29883.92513 35832529.47 49161.71418 1616228.933 57677730.46 39525039.81 5876276.704 7160357.933 97347732.29 90316285.01 2999.605764 1401641.867 29352030.98 32357211.99 4653788.067 7241084.761 53705081.38 873463.645 7496068.206 23412948.14 200643.4402 73219214.15 218218.3737 14395977.19 24406843.54 1927424.57 53134097.24 46944741.15 146186.2276 2810297.91 49854770.52 2057773.796 147431.2209 40526899.28 1291253.598 49479074.27 78908243.42 25604.27957 224008250.3 4814256.538 494139.9717 12628762.76 358058.2512 15288237.71 3890284.035 44396041.88 68567059.74 3235257.406 2894169.928 4720990.601 5257319.891 5962997.289 21592197.99 933452.3118 22467045.03 5269623.46 2101520.905 4200819.259 80364.34117 11309068.19 22388639.81 3100989.145 264584.9472 9975790.284 
4693101.258 1849781.076 56568486.1 2500624.813 1738283.287 7815071.531 168290.6425 926179.9209 826486.1233 4754039.663 195115.4686 5851618.11 6848.69639 3023548.799 71943193.85 17335730.55 15900825.62 5499633.061 684677.3641 13123248.56 35228980.84 109900.6592 11403.06763 5801678.269 56110.40589 7913410.428 2164108142 15343114.87 35456729.45 5418419.084 26393675.81 2966.301072 1801731.311 14930042.8 28144890.59 15032380.17 4062712.275 13086237.87 23885594.17 8659204.219 52463936.63 7737262.925 528459.6799 47776710.57 6656146.76 4439444.302 18018983.13 6329417.84 228414.475 9153447.363 10871580.46 1706259.902 124720373.3 2664245.626 41631541.76 14597099.68 37863202.47 5487332.314 4807998.437 20543892.91 199387827.8 399847.5206 46722849.27 6649.678682 31064502.83 14313725.17 8084750.736 6324136.1 11337381.88 77558112.39 55591864.62 16481113.89 21566312.83 7853812.459 67107019.79 319270.1997 14807463.8 7518143.165 1407135.525 197755.3919 54619103.53 19552142.55 2386363.353 13920078.46 2625154.794 53438681.01 7840617.863 77701223.24 28180771.95 7487730.099 
641706.2145 10318808.66 2331264.846 33917155.94 74783176.15 67189620.46 74369104.04 31809138.58 300267.2717 89424631.06 5087.451928 1712123.011 2376204.409 38492059.41 706239.8981 32682111.52 15068344.73 23718792.34 1681907.295 28580486.09 7173535.12 168885.7566 11782266.3 14927826.56 7643069.591 926896.0505 5288950.325 121615.3331 31911972.05 7068065.751 3496664.103 17146357.19 24734.85924 1396012.139 58858103.42 57458777.4 157962265.1 40735701.06 30643393.24 44498553.03 58834769.45 18485773.85 5636895.668 171435000.5 17195114.64 5703390.859 8232.559928 74136506.13 17783772.28 16519860.07 8173285.857 6830336.096 83122421.18 64242058.49 18338.1649 1453946.051 7957791.175 21857114.68 1132674.481 16477957.1 1301273.95 45234393.1 25344.76984 29060001.41 764557.0455 1710209.063 50511.87293 279720.5606 40096999.77 64102233.53 46772846.34 45363615.3 66280056.95 12737735.63 2648372.016 11802920.57 34095217.02 53979405.57 124723118.4 550312.0764 50588412.91 95288345.61 962967.7892 11879372.77 143016.8456 2585652.506 15062791.43 24323461.72 48660674.8 131238328.9 
63998.37819 25617970.1 242539674.9 72563360.87 24191367.61 491643.3801 348776.2973 1436784.714 140493.5799 2246415.827 7226036.834 32920399.78 20297943.99 1727883.951 96335351.49 292007.5107 66810360.32 6176.340537 4809172.149 23918760.72 73629.45854 10308229.9 997406.875 197544.438 414378.893 2773638.177 24652375.22 338510.3658 5814385.614 1815259.532 123750388.3 1111364.62 2503782.063 39114135.41 5577629.622 3019633.732 305026.0538 22098826.06 35840092.4 325763.9373 64224268.46 26224.07046 421791.5732 88549978.57 628664.3683 10029444.32 10659.04844 50657509.98 1069717.153 2527016.817 7983689.944 60647.85684 2118823.87 812227.1071 44798.41235 16745881.79 2277750.099 33211228.77 22654883.23 17809115.5 57907017.41 30230031.13 54374690.78 54009793.96 50877547.72 6122912.087 4278620.389 71712649.24 5978447.002 6868589.195 5453593.55 11387533.04 49917475.85 590611.7772 2.573487451e+10 11594616.28 282272.3471 16309981.34 3230389.654 26232958.18 152047825.4 22520175.12 119165436 1832.733952 187787303.7 5743601.741 1274417.885 7128599.304 3596.032504 5475895.789 
143292.4028 1197996.16 14488040.11 5067103.104 120912177.6 66209.69589 11725445.44 18524733.5 232713.2888 5800861.62 1881585.484 2527985.519 31358333.29 724865.91 50349.38052 96029.04944 252234.6561 473368.2395 121856635.8 54963534.11 49704.93689 15823112.8 61678.63773 11281686.22 1395672.207 7049.476057 72038.63175 509650.3896 76099.93281 8859362.322 2177638.061 1826906.423 1283066.526 49370254.44 34629730.76 61127923.52 27985648.69 21754683.9 38028600.01 54693092.03 5474338.44 1063078.547 16500308.81 2487319.623 30099985.91 21960652.89 42003.68669 139328.9514 67713828.86 4942488.887 599150.9747 9631319.478 108863.6461 29834284.17 28942858.12 275234758.3 8100585.712 14793986.41 44869169.55 4834692.117 10018584.2 204303.9061 81417876.29 16400971.33 19190904.59 119958268.8 1120.600677 117315678.9 95664.5551 36869954.76 52355697.08 3586997.587 9162619.794 5895164.991 14380.02483 37845101.75 548375.5201 25584522.22 15673123.28 135139.6975 63272.43118 18928892.22 4285054.212 39294767.89 2639381.431 20648841.45 112.6485075 18909247.76 5434413.177 45209517.72 
9836573.378 17164543.34 272434.117 20406.61514 3418275.6 5665390.849 2408.281713 54637132.73 18352504.11 32317110.25 2438799.601 61770.82072 10949515.82 4317921.516 5467215.516 1095896.678 54057418.91 18139037.71 51214041.11 43838271.41 16708138.72 14546581.39 25610772.59 76870119.82 12982708.88 58366397.35 18727239.75 135612.1516 14517096.06 7968836.191 2492087.952 9429152.75 65353812.41 23443490.9 3692777.351 3212435.021 2563602.018 16994445.04 58342019.07 32289243.07 11950499.1 35778778.59 11991549.43 2570832.998 6841149.239 136116308.2 5808276.654 6186790.011 1745183.138 102981242.5 7162440.021 3532243.793 151959834.9 115517.3989 32107480.32 11857213.61 345472.1186 45892388.03 52177737.8 21380701.88 431439.6042 50787.08235 4860.358392 2145131.661 64387776.37 29347986.57 10201954.26 137027.5084 27994612.37 1962319.172 50337394.22 8366623.102 73694724.06 17055820.13 432620.5526 1237738.234 7456833.468 26949181.55 5549410.55 1319303.904 1543.920966 7453168.133 78412442.21 3609945.808 44868331.42 35514707.28 8993104.842 155148.4506 113893390.8 22580966.41 
235338403.4 110573.8849 60733934.09 5984448.191 68793180.9 61763457.52 14443151.46 26704.3581 23424.02516 898109.6373 85626864.53 45449841.39 307480.5345 2807381.948 156753260.4 23.11406174 176107041.9 17267904.76 320638.6277 56789.78544 62936375.81 55753021.32 3044921.563 30290146.06 47450185.39 921407.4336 657406.7948 59344681.46 217818.8534 71082526.19 38877621.74 795538.8865 5865784.065 256226.2264 18523766.34 48365596.6 18391363.06 638210.8466 4103457.647 14492.46094 1620989.996 1247356.289 1535387.065 30782258.21 548667.0935 45599304.92 25801543.19 607968.3877 10068695.06 1486503.283 5084474.648 5584282.333 15752486.71 2064490.42 31847856.28 25025099.88 3117952.36 6428696.068 175255.0955 26305481.53 1763.293496 950020.8036 12992782.64 18935192.73 12829355.94 99226996.83 2370430.914 44414545.73 14651569.24 7908615.808 16542006.02 23319062.74 2384404.421 86523.04948 12373.35483 644581.5629 20804236.43 45976746.88 26635158.36 1178421.626 57140569.5 20594846.82 38746591.44 8828923.567 51597722.31 2127281.862 6349315.973 30790687.9 31751.67782 2023604.055 
1263318.944 5868307.529 3861530.723 4792879.396 32877520.92 131.7674808 8046763.38 63023829.12 113716886 138887.9094 25587448.2 17509536.06 674.6942154 36608622.24 18255793.81 2432980.365 213195810 23317721.36 6467361.549 447624.2392 413585728 7037107.434 809531.6469 59826902.86 79871479.08 274731.8938 199585.3034 2105455.688 794.6047768 100567580.5 31951812.07 82540.6027 10709373.6 42676577.08 120031908.9 3107488.868 329157.8495 52984118.64 2927511.786 570349.4553 13807769.5 35592776.88 17758780.39 3598906.587 12680981.36 16953518.58 4362134.982 6381.322409 5609637.702 31401881.9 11901800.34 30276.8302 45411043.88 2223156.798 504488.9328 81631027.67 34107382.71 9386675.894 34822388.63 7305377.526 30212773.91 7146985.959 8672030.534 6476334.895 4616196.49 3084309.125 10955967.28 113112.2463 68116870.82 17014405.65 32009602.28 3688229.758 14532532.95 21267918.9 17334326.45 35596807.03 5560288.722 35842650.22 6842183.954 44456718.56 5431644.506 11321524.25 37788488.36 23484771.51 2403277.789 1686308.201 1719459 10854439.57 150204184.1 197181.42 
16219300.35 108580809.3 17975572.77 27755733.92 316532.9688 126566774.6 807852.2909 5678715.141 1053488.565 21753.41999 27497941.8 54666898.05 56206364.93 30401060.37 18488947 59305.64348 1821574.017 89557554.03 52115692.99 22149579.38 1137617.144 13767954.34 43292020.77 1323757.298 17714317.86 169902.9197 68023.44612 31444.28164 184.2911014 5744308.665 36304924.43 1197723.677 370427.7195 2551383.313 8511700.43 2620577.424 29045226.76 89749596.04 1632118.532 736.4007706 30793753.7 592589.8622 45193423.42 380520.6814 579960.5695 152863.4517 20176632.71 42902.6591 6159943.031 78671908.61 181789599.8 394060.5992 862902.6848 27803769.59 19477.06983 3267383.291 23411067.67 2227738.963 5623923.782 70255505.31 88184173.36 120152.0828 14140340.73 33897331.19 156638059.1 1238633.503 646413.2253 16443231.56 30539065.76 5383217.351 6967.822998 29961100.21 22885814.5 58743902.5 34270911.42 2307.986021 8334110.092 140191959 3836.492274 19872033.73 419.9989602 45731873.02 1241736.278 28588209.2 19949063.04 8839238.072 2112032.587 4498194.161 24411520.25 35076367.17 
289300.8501 29274253.26 31585291.04 3212744.551 5218691.01 169453.3612 56911975.55 602110.4698 962511.4756 21447816.36 42278986.16 21357618.74 8172661.192 48817.68554 641868.3028 104007257.7 21484.96169 42019502.41 5959171.639 75231267.03 132206.0239 24200829.97 222302.3564 36349856.65 27194243.66 1999687.336 12480.22821 11126588.93 28288.804 9529715.723 14554079.71 771316.098 34329984.02 28415196.06 18835064.69 13305490.49 73737780.48 24985339.17 5775392.963 3396067.279 28019969.55 6.981348009 731041.1421 51759283 31503319.16 158406.5909 46056199.98 39671358.32 1121533.951 64991337.61 1159182.624 22337205.64 25698034.68 196614.9288 32614464.56 26596550.05 71084093.08 69967309.87 236448.5907 23492911.85 2552000.791 8089809.552 103417.4275 26639861.27 99582099.38 3537484.634 768645.7329 18073610.18 5081.139757 45036869.39 36979897.99 29563772.06 40109.95152 748306.391 932315.5919 3081232.093 4063547.42 79812.30453 47323195.46 517345.6404 80.25941271 152149279.7 7188902.459 20347296.1 28793577.47 76386184 3490512.946 174638701.6 46787.37463 1436043.114 
56115942.35 65342789.86 52776828.66 93565312.74 3503569.811 15385968.29 23063582.83 16604342.1 21498898.93 8765593.633 9328024.598 6403108.066 20888585.86 13748438.23 2633.7855 42261601.96 56532.98254 4047082.64 15763657.66 16507505.38 3487398.781 5233302.305 3332308.723 1429845.121 10479293.48 537.3080206 1244304.861 5586186.67 33993590.01 51702612.19 16622983.85 75195582.62 20235486.94 5380059.308 612112.0084 86888.61923 88323666 5440671.582 95331527.33 950651.4117 44007330.86 1054737.164 7586.092027 48024395.72 92939838.81 27116388.96 59073.41723 7706215.353 3987324.316 34376175.68 32101545.42 10522094.11 5425036.058 5317893.592 45116373.97 9683578.072 2638137.772 40265990.2 2259102.849 11230483.12 26947627.22 59863888.48 7220.896336 7253551.615 9786.859618 12125126.63 1434177.769 9490062.304 4975710.848 40583395.21 1.920066826 57120707.05 8158412.179 1323585.69 274284.0183 42.48640509 3155751.725 24111885.58 169595.709 3026603.303 3826129.633 2216265.754 32192892.72 4844736.447 247022.2485 18194846.63 24213674.03 10831350.43 17608.07713 65032.12922 
7765438.692 8440082.238 40960107.94 5831769.304 106550.1451 41826757.45 8138243.462 1033256.732 204917.4388 19097245.3 24652575.59 20344498.94 14792198.99 4956841.731 305928.2832 9747764.926 1807918.366 22955564.71 1918248.129 81064.57943 169396928.9 8472664.725 7002945.24 67208587.82 4445000 11519026.78 9547958.99 8892717.032 1737837.443 65563247.62 162927.2662 20707716.59 45722896.24 1972839.415 2654.030258 1829994.621 5332649.385 138239.4322 17532255.76 896064.0153 16370.86216 169771.0305 1576290.323 855295.6281 6827960.086 9094016.985 1225152.53 19966513.11 487285.7314 66545.45853 397649.9583 23238009.49 1691347.054 18647526.53 436040.0138 20807.3305 10309191.99 8674340.036 21951591.18 17199152.26 6920242.7 5505320.018 25730918.22 5640523.042 59769847.76 10924701.24 17149383.8 291354.6736 26115897.44 39155416.24 173829.4426 4984.262326 7554414.268 8179336.966 28011440.08 36728153.33 16889309.27 26062375.23 4533870.51 25235.83169 14503.33784 9757555.663 55823899.5 6693.598471 209642596.7 6864584.061 265286907.7 8623192.177 504104860.4 16468846.1 
3109766.765 24254408.61 8009612.573 9001.479275 7026234.521 36544670.51 4217826.389 59307.10679 9060893.527 14329.92218 38630137.06 4717878.472 248745.3602 36345043.73 80864754.58 10213.96929 13701694.82 44678479.72 58261930.41 73665.52521 347381.6584 5142775.498 27323172.31 3569031.519 302874.2832 11789220.26 91148107.07 650550.5906 162250.2837 19380841.08 20185132.61 2606611.757 18822990.43 24593631.25 680777.9251 57943528.41 283.2602181 63834329.32 10486666.98 2391670.565 27094.05407 28909799.73 49056205.36 47331.45945 1902525.638 261493.2487 40820611.99 364594.1229 37769462.25 156749.7802 33010263.27 4206310.411 204867.2239 28765632.8 1130222.262 25819693.86 3343664.748 5018808.997 3548045.278 31967.7871 77251.56923 26700223.19 17472246.88 3632407.025 468976.1381 46711402.23 241813.6047 35724963.27 129375503.7 73441537.79 699256.6432 34285775.39 53761072.17 53266549.59 50428777.28 1691654.103 40188508.31 45512896.77 14963340.07 226243.7369 16202428.97 7405723.771 17746293.11 114.6343793 37176.73162 19893265.2 3632679.704 76142806.93 135607273.4 59174080.52 
51736220.05 30195817.6 47692427.03 15456145.12 223743166 2846985.745 5890511.27 121794.9901 48908310.68 48586262.91 676832.8725 79135295.09 54357141.73 755.2130781 53162840.65 16246047.45 1003474.027 8432.457245 39476274.02 3843919.86 59433244.54 1736886.928 30665492 6526874.35 39687315.14 29101909.17 124569.0492 187692.0876 5184448.53 2341999.42 866019.9937 7742922.428 15103247.05 23938092.89 18291539.63 1684778.475 2634037.559 54849293.99 31177473.23 1660722.742 4976991.649 12222.68298 32487.05525 65582.43522 6122.23392 1720117.643 6498.39131 35033537.37 673909.4675 2042579.935 31937454.38 18507129.49 44409811.78 57790834.95 4652550.998 14160761.36 3707007.276 3758109.575 29033206.82 3551834.989 23596896.83 16397096.22 205.495051 22131934.72 4202972.252 79220388.53 221.9955084 293217.2265 7955137.953 26511361.01 8153028.542 1828578.995 25965097.96 55251519.56 2498.284272 28894270.21 25619873.32 11975604.92 23841296.72 234396498.8 18043608.61 10842227.89 42.56833194 27154415.69 18308567.85 9753458.654 2017699.216 27244347.99 1514285.924 6221161.356 
4300762.972 35810094.02 8588000.721 55212553.93 15324999.15 4533801.448 4573961.552 16187125.57 660126.9988 53073.20105 11700399.26 32831231.79 12812362.48 566517.7447 71619.54007 25328366.01 21573124.12 971323.7739 102136927.2 23400402.82 6887572.614 4947.695858 153621.2949 6569524.896 77347849.79 740852.318 6381675.711 247804.7382 63546.42788 32963067.46 31313072.27 45795103.89 3873495.936 3511251.013 100038196.7 52768204.74 45956878.07 63839287.43 28916127.44 73506766.41 10105694.11 29994863.06 75888520.24 28874420.93 2445713.561 78525.82972 89605665.39 157075278.6 29868482.25 1510.138313 17350331.3 324130.6339 14717618.24 3108571.378 3134017.898 5363655.066 13070.30578 106814072.6 146460328.2 234767.1631 86464.08503 26908303.69 31637026.03 2033.985097 14291521.87 522151.403 981804.3265 1672772.396 28862759.36 4079852.452 85065.98634 3129.773572 10069261.26 44431860.83 15042985.44 25275018.96 86296.87248 1871225.096 18967.87335 26720.74582 62001973.92 3501119.628 35089460.2 8608621.726 35357043 11510194.14 10388136.4 1382287.774 4100533.006 153198013.6 
9106330.538 111926593.2 1239369.04 53471812.57 8161728.435 499486.1277 696342.2319 4237867.649 55837330.36 27023811.28 4622555.293 24361996.66 59099136.42 33453514.72 2742434.953 19908758.48 14950142.17 101821863.4 7286253.813 5143026.527 341216.5295 49418.46744 145789.1519 42189027.22 2029875.109 6772658.621 17726553.24 17549766.43 94197081.79 17722273.06 55731813.92 81785825.16 2098373.417 22874861.37 1413136.896 106331311.9 367682.7363 7266763.334 434169.6661 25086445.03 10317295.37 496223.4667 5527500.553 65297457.31 488206.9686 256210313.4 12879005.39 84.68036091 10705898.49 1556995.994 12508016.49 152456.9082 1583447.385 1493789.226 5379.671751 15560728.1 2971043.03 35436601.81 4214.451374 6511817.989 2145430.567 7594515.57 4501541.503 18496936.59 96371.82922 12740771.75 6043168.51 15348149.85 9932274.31 67994653.24 112039549.7 2449271.519 23120070.41 9413094.714 2025376.438 2879678.943 13441896.79 12064.84346 71862.65685 19304262.01 3776847.538 1744346.645 45493505.77 2774092.247 49427861.46 1848562.651 18937709.89 5411.442703 60070797.08 32048141.41 
438218.2811 6401772.954 5671027.52 24333898.33 12268831.42 19272.02934 8758271.487 1641335.868 8808888.561 59828.17827 31648871.46 19509.00525 55507034.47 58074371.71 2569858.174 6043670.193 1951222.432 189.592023 484175.6837 6541252.108 5464760.183 774220.411 1418461.696 8830388.014 25594080.47 7891742.94 103935.0999 1336568.882 303.8556651 108345024.4 4751109.625 40854.59202 1565120.432 20355749.16 470855.561 15491555.96 5775390.186 46371620.38 144544615.7 20207544.45 1880760.12 7527915.86 2536284.829 678158.753 14876.28722 31421466.34 379.9816837 60461987.1 7083173.448 157242.3586 10709225.64 3031898.624 112934312.2 71684859.45 59438962.88 687.6527647 61772245.52 487643.4001 37612152.57 978364.804 5812215.468 11672656.77 10590872.36 22241155.34 212756.0856 9809318.706 16073511.36 433460.5233 8036608.706 6712254.761 1960542.59 839320.1871 22493788.8 4326831.564 945524.8438 1646428.727 20771667.55 12310007.43 18669124.62 4924386.821 34679710.93 3559052.566 187565.4791 15026375.74 4375979.764 6480943.651 26771993.61 3865622.474 41541013.22 10813185.88 
8281132.529 56201261.67 17490040.27 584329.8366 46514143.09 4491501.146 78181.10063 75452.29621 374602.2985 1703506.875 12257937.94 16193395.65 21955464.59 226634.4479 29707965.51 1853176.21 7112333.301 157672967.4 37468307.6 12921893.28 15572125.75 88473.72454 77609.54978 35229892.51 186860664.6 5634476.286 4687507.072 1601.457762 40401080.06 2796150.402 3086888.887 20592305.84 73566860.1 4329072.238 288330.7453 3759906.441 272534580.3 1060946.162 16970679.72 24635456.18 3512860.313 11608869.8 39778684.26 4554524.912 75113.92689 3499168.933 14132672.7 2287989.715 35670.01163 8614199.411 26279066.3 2142710.282 8734260.089 24367166.2 4962139.853 59989646.29 550894.0531 1932900.054 27653666.08 103720.0329 58540083.97 27327409.46 96855038.37 8888130.937 307658.658 41091.29555 175806.4002 22801580.77 67986.85994 519481.1096 135984.3232 49914316.28 49712353.42 54577053.04 7633140.492 85907822.25 25198629.73 22410808.39 49798104.71 11729992.25 12861897.84 10085016.98 919123.8466 1323857.763 16205875.11 4696757.129 32117137.62 41275726.57 103047515.3 74022315.53 
37365981.09 18806673.14 3993664.085 1668583.861 15838416.62 46377760.03 1879307.761 616213.6985 6042257.28 173782.9348 2515912.272 27734215.97 2806069.237 154836872.6 183512085.9 329319.652 11250.99869 90013.70598 28165490.12 25333644.58 72061859.45 83797621.15 943537.5086 213385.4541 5696693.223 2464357.347 163238.2689 720547.832 2542403.215 1554599.211 51298914.59 18472.79761 2199333.507 89231818.63 4760949.619 8409990.877 6918816.733 83945253.61 108545141.6 7062477.782 1287725.919 70027362.03 68590866.37 11859157.64 11094.04151 38425088.42 631523.654 24168458.48 42073189.04 163437894.2 29242052.86 18639.47626 14009.00775 11989773.57 1453180.53 22264321.96 5155609.773 140001557.1 56208708.53 32014153.92 49164914.18 60758199.57 4930101.435 7738714.295 25699469.63 624039.6105 3069025.926 3764636.29 6897221.375 19451500.01 31315537.89 13030971.47 797418.4707 3776.359557 32277640.78 45553936.71 23149136.34 17721967.07 9304.987602 7206819.386 726248.9833 51007109.05 38737844.51 34342443.34 4789437.138 9347932.709 41291640.96 234277.858 47396002.6 7665606.539 
4424011.192 44673340.14 45028438.04 46317.96917 23780884.15 18918270.06 546672.0432 146997952.1 10988040.85 15775770.67 1423870.566 1813448.161 57848.40082 34258454.04 9268374.91 14061332.07 6471675.25 2248945.578 1319908.857 36139919.24 118240.0396 1407259.209 25841229.87 23536663.16 105047312.2 31150603.94 1982869.933 509327.2529 798297.343 37491556.41 69300518.93 41432413.13 54488277.62 5446478.539 7641969.123 9218159.046 2658.240128 8668478.391 14413827.59 4134211.254 1068627.439 18250289.31 379458355 812108.8203 94565220.56 315450.1657 7342.09077 1619984.335 13572093.62 15875336.06 217553095.1 1249658.315 24036.89511 47908655.98 10321354.39 2685311.068 72910944.02 230500.5882 181627161.1 59385757.85 13085162.81 58138697.91 57524.21691 25487048.3 27605303.45 13361028.83 30907584.65 1902934.267 9479567.18 66583656.04 9869255.913 103156.2098 13627830.31 52956161.31 210444.5091 8352054.34 6210793.899 24382076.72 7388861.811 167955865.7 140256299.8 18291861.71 5743572.392 8949708.637 17361046.61 107096716.7 27738956.79 12193097.74 18574638.45 49339314.06 
53225054.64 478063.7304 207523.0251 258.7739655 18890323.78 101544345.4 48652.63466 3565732.686 43529033.06 26085.88907 39994774.92 2032266.109 52858459.96 4183760.358 81744.38302 51806779.47 65110313.85 9249069.458 109675.1758 5343470.824 25028072.67 38208.86871 233698.4903 26514.62775 15962399.81 6900672.119 1357516.771 996569.1966 1664359.287 586740.7841 13577515.27 5202041.136 33771352.82 912432.8849 10120222.06 1265272.891 53602900.15 28143615.94 42536356.65 1891492.882 42241301.18 12858.38558 297863.0085 19179.39522 18986362.76 4270292.993 39021177.63 507576.2033 2254553.643 4650954.057 168761105.1 58730473.13 3236032.188 187541508.1 2308585.453 1294758.744 4971850.082 13968210.6 12719081.15 542547.7536 17633912.24 4188325.335 1890473.549 219604.9577 65897235.26 62758655.86 48455329.71 83128254.7 26748044.79 5910664.758 111030.2336 4884.425588 73866.54067 10192987.03 709898.3751 16718648.01 544309.4012 63503100.53 16819.08874 91524.83065 264.6327481 10287779.62 10543871.8 13709565.12 26668049.27 1735624.932 8545.973903 2044968.659 19964510.08 7948545.113 
226924.205 4314792.299 117776174.4 108390219.5 6226587.362 1165378.524 41061979.43 4026127.592 13009074.16 7762148.75 73301119.19 3770407.15 80108808.7 32492.98016 12230.69396 29573149.23 1824991.375 50560685.56 5391517.871 12500129.9 3512793.439 5659213.817 14792001.49 25616718.54 454723.3337 52356292.07 97826.17048 7622.850121 39980329.54 1644278.648 3340037.486 4605661.82 50129937.55 30362940.14 11132968.19 4899983.666 44594408.37 35390.82715 67039.74246 229739.7604 2031679.399 64756655.19 718016.3309 34343.91297 1103377.31 22794940.33 4824.865182 4937344.448 906569.679 1069515.903 11579474.18 811896.5167 177609.7856 1120837.648 54789313.64 5261846.909 21929658.77 44789179.45 500510.2033 16745865.72 20006870.58 24656392.15 62636.82579 26857211.54 10869.0844 1668323.37 986346.4404 25520517.96 5756167.677 46169994.22 62.28896822 15800527 42841327 8111555.978 17351748.27 1191647.566 31746183.01 57705279.51 56690.99447 32691.85459 36196195.21 46392934.44 8353.830629 25238568.14 93275219.22 2670130.823 4399257.198 1127271.834 333535.4038 3151927.446 
3749565.574 2581.787053 36934123.31 41272013.98 17688412.83 5503457.761 230440987.6 46183942.1 451026.8626 9808278.714 90849249.04 64053.52225 9294206.205 2084843.265 7715288.796 8356953.348 58277727.3 33880702.42 996749.8726 17141.14486 5525974.053 2655000.535 31400254.52 48308645.7 8211.97063 1484582.667 3198860.765 64017680.55 95725391.39 27986639.13 289932.0123 2530157.696 8537.510525 33723546.92 7614453.155 408711.792 57572322.19 6380.097976 1283.754775 2740509.285 298899.585 7915459.887 5086502.51 2014160.773 14549373.51 23255549.2 30971192.69 2389001.545 16092335.35 17741522.7 7872136.905 15132376.34 3799316.916 10728549.26 152477.9944 22293917.28 89819148 69053833.63 39969.56995 16896792.78 62495106.79 5119263.931 33234441.09 23496362.4 7163804.182 5063.965807 75403758.16 4992226.533 32123384.9 1231968.631 65762463.31 42382.38044 114239.2964 10926449.08 23858160.8 46311118.24 4038391.857 4053637.598 15625.02822 2110577.939 17548383.56 403825.9058 2191041.717 53197026.3 36065496.56 516067.6042 40176696.58 5011716.709 116559.9692 32534914.6 
21741662.73 32620192.96 14281368.08 10742282.93 49840532.89 26347098.98 833056.4176 53728868.58 57572126.22 79019746.09 78526569.44 24465.71016 44495600.29 168076527.5 28845241.63 5280526.376 3369902.194 21091230.35 6776145.105 77966.20457 5932.012059 129798616 24780903.65 29867.18998 45726046.16 8863088.788 100420788 22943566.23 8618207.686 7634475.337 158127.921 78848.61951 141118221.3 62303697.74 249495.7177 3412525.128 38069057.05 39064.32324 663620.9625 2391182.55 51081.05657 68120942.67 53072904.91 4405.949595 1940386.375 13174.11816 1.422796685 44279970.69 48456322 1176492.898 34409321.1 46986496.61 182394184.9 1418668.148 745024.7678 1962952.735 4318170.036 9795745.936 1650424.237 24209552.34 100200884.4 422082.0809 2415647.086 13048.85205 37780292.1 15002.95672 87432.69215 4664889.758 27633.06035 4150411.707 177411.1329 6192627.637 19936554.33 171555.7732 211020.7765 213123.9672 17954593.28 39287030.85 4726062.274 43978154.44 52650570.55 6627.851377 18866653.53 89669093.18 596851.9099 55297.66093 17592.17147 90887483.11 22587953.78 12705640.22 
188906.6836 3499066.447 84768433.15 9023773.324 7810143.375 20979177.31 114178017.6 3752690.066 189603296.4 17991515.71 12521387.8 22353059.17 8824002.058 12257799.19 335079.5054 2067958.089 8214541.182 26466823.11 1611712.924 8582806.368 282320.5362 25832060.56 677714.3164 366067.8951 236186116.9 3651236.152 1575758.922 19901076.71 2016329.37 268355.7241 369033.6022 5008586.669 676484.3653 56337373.08 66394822.74 8134.44636 92104287.2 8543267.975 2951682.528 68147162.44 13721649.71 3745110.989 3793.711893 2610685.268 79663630.58 58273151.31 51109450.3 3826785.646 590096.3378 11768222.39 262481.4656 164814.975 3622610.004 50018010.58 55456347.88 3763354.398 15689941.68 64712334.56 42657291.56 41050034.61 22916142.25 353.3915539 3328805.055 71554085.57 537.5750447 20602384.63 10701403.04 546129.9289 15710716.05 21706422.99 13321306.97 79547005.82 113246654 657017.2436 11539297.67 75782211.41 1900866.078 104797924.6 15427663.4 8430794.849 10266260.81 5475571.089 91649074.04 6860408.072 26504148.69 1727327.856 2508319.225 4003413.954 902664.8916 127991.1979 
12237076.49 65478141.67 5705395.596 2850848.381 1717931.57 38106171.33 16390466.58 1041673161 55149.61567 18489789.38 4826438.416 51138253.9 2497457.104 29607819.99 563430.3667 118834.5312 48375640.33 65222119.85 16850071.74 17063958.29 452920.9836 7674305.346 6950841.987 57090952.19 144452.5052 32291.55729 31878652.47 45362625.51 27631721.57 51302.69718 27999439.94 764692.0493 6883450.715 2453658.704 5153910.86 15528315.31 21673716.98 2381243.819 350213.938 192503.3837 16104285.11 44927611.36 207727.772 19412437.62 50314309.54 623972.2587 13655073.31 1152911.946 102930.189 237527.6728 536295313 2087140.092 113399.4277 11778457.84 1569412.046 717095.2906 2801558.228 1493219.867 33925009.35 3880781.99 5844504.85 677565.6515 29251546.4 19055243.43 8522287.069 2161772.049 9985.202359 86509799.14 50897507.45 665153.8094 14915095.5 231254.1937 4474859.145 2492236.289 13835502.34 5682932.512 101525231.7 4432787.206 173954765.3 207130593.3 544955.6447 657656.7326 276270.3902 8058296.033 919496.1833 71435719.22 136353008.3 19317.72532 150495.3359 25089420.96 
63177552.85 28484109.72 453420.5619 59434211.14 129525.4953 29230816.04 11630040.55 36564.38423 7617810.663 1208050.92 41556747.94 5443162.197 328578.5393 2862620.175 5234046.515 624682.5768 529131.6927 628264.6454 313700.1674 19771177.81 31492415.39 3114021.896 19104659.55 93717.82139 43352398.66 2568255.328 8203758.201 1242627.36 52934.05993 50212.13294 1648634.675 2753249.375 331864.8571 226838.3692 7339106.733 24440707.68 4239.404556 182769.6017 29497776.84 17114506.17 32498174.46 15631500.84 15265498.39 94593.51657 408898.2294 4664617.418 154845504.7 41013.75644 24657945.66 22384377.2 347655.6337 950824.9071 2885685.648 8125.644291 770898.1147 11806063.57 67373754.38 127155.4098 2935511.433 46423003.39 9950332.822 19379737.75 15729428.09 170630230.7 476869.8432 22909799.97 2980055.803 15752.96816 55307584.85 612298.3488 10248441.14 1628816681 15753743.66 5755171.147 6252118.798 17324010.97 29245144.17 43822281.64 17328354.36 22727287.73 51643.56052 19972808.83 14975299.46 805196.2505 457325.4374 7913348.547 231451843.3 151043.5281 82061284.57 4292298.748 
379437.1373 26985943.03 23216039.14 381.6516502 65557818.07 745737.7183 5807.262113 1265282.011 7014404.255 18109519.27 1015939.128 3573163.562 28782421.69 25401578.54 43618.77297 13080737.11 14061621.88 369724.4994 3103112.691 8173231.674 602707.3786 19998126.11 173731.227 133369020.2 39305518.67 57939454.7 23836148.99 59039878.95 25037908.43 28128685.83 10740564.78 5270576.56 1631768.649 3549010.848 39470129.75 134005494.5 29826272.22 4038200.632 4570096.121 54029060.42 4501722.494 1796772.733 72648078.08 2249631.763 1642649.93 23935970.23 17761295.84 44006.23656 1594.108944 65991962.34 1018.355706 14062822.39 25868960.83 28637227.83 563913.6486 2150887.243 24963021.12 29828.76042 1090141.042 3161160.647 1594590.851 339234.3843 57088765.87 33606430.04 40528933.72 673722.5132 40189351.67 3411249.673 3697535.881 39630706.29 5884.477205 47689614.78 2286.058622 33488103.53 129396875.7 1060809.444 1250.364384 2324528.538 40888972.26 11378311.14 2381910.272 5438835.653 20567866.45 7477165.78 37688563.47 43094917.66 7020426.961 13728960.77 749690.8148 4626494.738 
10196.55541 40713930.56 1737678.314 108353832 51474848.21 13406135.47 62376126.42 26894489.65 10315558.99 1121659.655 2148757.542 19587389.57 15262855.69 40386399.75 2114960.155 9627753.293 2016902.077 21427.72956 2072257.704 17436363.95 61581.87665 3918.220814 33433677.43 25090420.28 3120.131471 5320824.34 12761017.09 118543.8876 5461000.58 4677865.785 4266589.047 450321.2176 83536670.4 129469.4748 26490713.44 8068522.507 921970.1631 1289948.227 100166063.4 169795.5923 31341068.99 4402878.038 12453320.29 33970803.9 11113492.74 13062.3454 64231927.79 706292.8733 29289987.08 3963796.729 21771816.4 280900.4015 103394749.9 118937.9945 1330.227377 33515116.03 3524844.03 50954455.22 39574.4277 4394860.428 23672233.61 46946270.94 749484.808 11926442.69 1233394.77 270032448.3 5760977.938 23229664.76 3956052.758 18591629.47 23136519.76 25570939.24 27505086.38 257082315.8 32816.26127 3042482.498 43180913.11 73555.22599 24258.96066 7390649.892 2535961.565 788048.8704 52260047.87 4918963.713 59153.574 5373690.358 2553539.877 953490.5247 13447089.43 59483450.42 
5891491.467 1178.970304 1858778.037 160029664.9 3812838.795 12812157.74 47270600.13 12401369.4 19373229.28 9701589.854 4469047.614 30895563.63 6974359.152 765199.5002 496108.5746 9989314.581 851130.3162 1613565.041 11140161.63 49075581.92 52713344.19 58640225.54 3846795.963 3255689.785 5751419.629 11103491.15 63112797.19 2315286.675 67610909.36 78167594.85 254656.4503 881442.4265 103975852 16993292.68 57682328.08 55900.70693 998677.2271 1548166.158 90.61047345 2195555.776 159913145.9 115521948.4 39989903.97 349396.0003 62092281.7 223325935.1 105022359 12105124.26 323776.9529 8578301.642 14825986.1 37197123.34 1930722.776 68415590.78 364207.2825 12143840.9 679816.1644 3777343.068 9567243.742 2699332.912 5361977.149 279572.121 151084.2415 931142.327 25143151.88 13182894.52 86884615.61 63362191.58 101855191.9 1261000.173 85944694.1 1847856.458 30224428.3 141966429.1 4737585.346 75245383.54 343128502.1 12273259.16 12433421.45 16164617.77 30564006.11 846492.7107 46490.87981 54862581.23 56243228.22 76454756.76 30241056.1 1034663.974 365429.1571 263369.935 
37164108.19 24545705.84 4066703.757 2691604.821 18143.2072 17082376.57 24518.85731 107054.9629 3346146.534 837596.5771 3480103.997 9090131.896 35010.40778 186720.7956 10571107.65 126333937.6 195881.4345 71692740.28 59428357.58 1040558.453 28716694.3 2533222.403 4968753.667 615902.4794 1751195.26 72764.17288 37181346.89 51052806.47 63431266.98 20320333.07 6875657.49 527193.548 81266.43215 247988.5165 63992272.83 34177110.39 11103.55218 116.2398546 54957.66562 6235875.66 15084846.55 37445723.43 90288495.35 227413942.2 26051549.34 3315.169538 20024992.3 128418261.3 3516023.206 96707395.98 1269187.823 4100431.017 49099.80362 46926191 1392184.916 378541.7029 14909638.53 17615049.45 471536.9386 4678543.219 26353880.48 96446733.98 2910633.803 16432979.35 49583043.73 77749786.94 11266873.94 21499586.56 4021526.848 7759471.115 2031366.609 9893805.24 1486339.337 2206150.979 18786841.99 16652770.96 17388846.39 4865721.089 331988.9424 12516098.03 96671.83923 16309401.3 408.8362773 15498080.08 6831580.341 392353578.2 18289971.29 41872153.66 1991823.379 52572413.97 
287541.8952 106712.1168 89590.75921 6055209.852 776591.6793 11248478.5 182648723.4 26096206.17 31450509.4 16406757.61 16045696.98 1334225.818 183723.1128 8270670.695 7169.775295 21164988.62 539419.0179 43531357.72 15794111.29 21753743.09 6642.420471 25188597.68 32699038.11 3213196.265 875971.2333 72086981.66 29545904.42 3634244.682 15232866.95 8856361.208 87873896.67 9077563.077 6033.598206 19664868.27 9659603.53 6318507.741 508813.1991 1707867.735 12617039.25 19352434.48 35406.78688 10863156.56 36171422.02 999150.5248 32334016.9 28469982.61 41384702.54 5059382.046 1534907.795 136115.0215 26999218.56 18591373.63 721991.8195 262657870.1 28463443.37 1116015.691 1087708.25 3532117.874 8226312.88 26549074.88 1532832.249 3511031.266 19076223.01 8419367.909 41435.8401 35111221.03 2994630.831 10484245.03 204326.5112 105510.9861 60586641.93 9555821.342 696928.2258 27799165.96 12233962.14 17668045.05 14746633.94 49977.74032 13958872.97 452722.3004 73189.20156 54968528.42 203408196.6 7734652.358 3136597.477 8314.65955 25404069.66 7529599.188 393020.2763 2142374.501 
17113767.71 5917771.18 45948691.09 1112746.542 7464063.649 11379934.74 25473923.82 1680434.701 31824699.97 2244292.032 336294.0529 42317943.89 3453314.95 76348131.57 9046932.41 2927489.579 429.9639338 85388.18674 8314733.707 140154385.6 3110207.498 18639543.13 366804.5263 9879455.75 4098568.982 1558593.348 21353180.39 326774.4402 356612.6831 45322240.08 13309681.23 12590211.12 2068049.428 9806413.548 142348201.1 3671804.957 655927.7546 218834.0345 97.33474042 8416337.904 5005990.45 314609.0158 82985327.65 9903959.503 543118.3416 25806585.64 319758.3448 22010508.5 8557830.489 2533496.452 954240.037 2085299.594 45643.53516 195084829.7 2899500.209 1664994.357 42214384.69 11638293.63 40676712.58 197134384.9 19320690.58 51378.01845 23174570.96 743134.3571 313309.7751 2734703.63 7858033.832 3206.176309 386789.0351 22146376.23 65258500.06 126575.6081 1010909.221 20857277.62 188358.8733 8119464.818 23801542.2 444726.6749 58370549.71 23978959.65 61364048.06 10177632.88 723651.3737 53997.01272 1416105.018 136050688 141834.0133 49840285.75 5792049.816 20613707.16 
1375172.42 797464.493 5019450.706 31044990.57 7689.958057 1091982.383 16258680.5 2678079.102 82768.89333 11199901.82 58600456.17 647876.0737 27604817.07 88850327.26 8192765.264 190117.607 67155034.42 93836959.95 84442.09331 16730.92747 2695927.685 4796135.9 22727402.17 23214.09937 8787296.908 463278.5079 2200084.078 28248292.07 18424756.66 8594766.37 87053681.28 93055123.46 1027944.013 573849.3122 189752086.9 171734.1582 46766202.27 260474.5563 661665.4 2022557.005 2448316.073 2377432.831 75356447.4 1636456.944 655296519.2 123176347 67612605.43 22911994.8 21210295.45 21281687.26 4188501.96 8645835.541 2633084.71 17395041.64 23786905.76 642025726.2 11210966 4560079.098 405047.5921 65091265.61 50727.13395 2254180.086 1085374.173 4572896.644 190289.5307 6476516.681 4504517.194 164806.179 387685.6285 10942913.51 69869.72625 12522.57822 189104108 28527073.16 84264.19795 12395068.66 24699992.3 74803.54401 12641867.25 8963039.706 102654177.7 406211.7161 29489264.36 17774513.53 1369196.069 3878503.752 311649.0816 43836447.95 1640435.837 4923822.877 
66451878.89 37274762.29 82305858.13 288601.0014 69746944.53 12855071.05 11956922.02 69417.26458 23612208.25 740231.7179 1091.706815 3695653.453 3478492.821 469786.5014 67886262.69 147.2742064 1636068.338 11969630.09 13060674.78 5095097.904 30734.17429 36040.06952 62728333.2 5681616.027 9450.444571 17005667.65 17939093.57 595188.52 12228111.02 463454.5568 63233.08397 103975130.1 63000483.37 78883.17375 17939205.29 8672713.034 84765434.41 45165073.76 317942.7953 138089924.5 39837863.63 6901619.312 75628472.21 40459.99361 107000771.5 77507813.07 25170985.75 6425522.721 16340999.71 107264.4684 4066488.904 38310533.36 26465754.99 12069190.47 3764947.873 145503185.4 37172724.08 634248.7255 218127683.7 2695445.343 104309174.2 1106439.557 84549040.79 843169.0938 122358665.2 53658532.62 140697.3592 4171.961415 7796636.622 19596.895 28131005.87 11238262.14 7476709.723 22559173.9 4066952.709 104390.5645 75537510.64 11629635.87 64626005.97 18073462.44 9577024.481 37861.80905 24714673.45 9874843.866 15846510.66 22112702.42 13236.24241 175289.4315 62501989.51 3951202.994 
74454.49114 5796588.15 23677677.11 2300.715502 165343695.3 29024334.63 513764.7591 29318465.05 4142550.125 18247560.09 29428897.6 2225291.507 14811729.18 12729822.49 834624.1622 323088.3117 29166227.28 4855185.475 8403062.936 2476537.589 66824156.02 1674.908466 2902290.729 7704354.662 20307428.62 89441364.39 1285850.85 7004668.078 171115414.4 10146827.31 33383674.16 86606741.5 55625590.14 23058863.56 1712049.87 36088.54172 4030711.204 751.0920273 19282252.18 4282275.084 4257680.568 42357150.5 74058.96478 112714447.9 10027982.14 41945.38407 1786358.04 19212698.74 53714898.56 164315496.8 6969786.113 14653793.05 676753.9448 1215859.655 11089.38022 26761240.74 295552429.5 393728.2339 1221887590 53645296.54 680784.0292 71151.03051 1362645.775 372515.5795 6747.978714 42165414.31 153597931 18323890.75 87669421.68 44416351.13 47008799.02 9021478.584 7844218.811 5463187.034 29010473.14 5305201.815 1842047.723 69290.71785 46633300.67 649953.6089 46044060.13 13426130.25 4284.56584 1186148.048 1161555.264 356459.7763 258519.7311 299694618.7 13639832.6 4964421.685 
8872015.512 2156439.123 3332764.952 1565757.484 6906453.437 213867.7438 2699063.739 11125595.59 10846788.21 1415268.641 8605255.83 41340614.94 2771.177008 39239142.4 6634339.983 11293050.41 90859703.74 157776825.1 819088.6704 5521729.36 21257526.29 8092172.25 39058392.07 106190.3463 10797056.96 99961236.53 17551129.85 68913529.81 9771787.129 18314577.32 27556956.71 226638072.5 11256074.61 5241296.879 29452292.68 79560703.08 30654356.79 16921483.12 11980135.92 309641.6631 14778329.54 110129492.2 99757549.46 393346.452 222135.3006 34354.44439 243628.0063 264302.2082 28830377.49 3265531.788 2841140.083 867.9813484 34.28573369 217942.3828 144527.5408 1594174.735 3619738.025 16155075.04 805947.2235 7082112.09 31963038.63 10508128.31 20336106.29 32056815.77 4193896.136 691999.4628 29875427.43 7575311.526 579630.9063 3594.884246 9776.865712 464808.5199 8787685.696 12448140.05 78288377.27 183714.8403 29095696.4 67354486.23 38068618.71 78789270.22 156537761.5 4963770.349 44919880.6 14498282.16 41405227.56 123110983.9 2653648.985 6362620.103 1648867.523 49306565.62 
18810764.02 876398.4977 408154.1337 2289987.115 9601809.424 2507773.91 217455.1068 78460198.16 24941491.84 112191408.3 4203072.042 27363182.24 18223215.09 2228563.501 2080110.318 36816575.18 24239783 1015286.498 30018139.31 6403089.801 8729270.18 4254550.828 9047519.163 649589.9479 24013.11331 179639.0821 9419703.088 178431.4894 120748.8217 2483393.901 52600049.54 19001840.2 33995317.2 1295880.857 1002080.184 36086504.16 9087590.901 15270028.53 15181.95091 2469307.927 3868618.665 1024776.739 975250.1776 1565677 8675424.265 395104.8757 12894205.14 59440860.44 10986.94542 5291845.49 35197984.79 7022773.835 148370109.9 27848.64953 11972204.33 45232519.48 19831510.43 1157334.727 142601407 568378.2261 1392914.64 7817928.202 19110559.96 64479348.51 10743758.46 5210654.413 14231390.35 5211655.359 68598667.43 4488910.655 3849367.216 131287.1708 42882672.81 18915716.59 463400.1601 66870.13664 7605312.36 22117717.08 2926.079938 1378507.459 49787788.52 304855.1155 1278303.151 14788622.74 11537554.19 78527.22821 24582092.73 7853282.961 293787.4278 22840887.61 
16837520.46 69194759.39 443122.3601 4987814.575 7546777.553 369796.0207 4561591.255 4446867.822 46298.18845 478374.0032 5878.146905 58734368.75 32042365.77 1725307.56 389917.2595 60537.08272 82569.79953 2554740.599 55081469.69 11102991.24 32204955.08 435619.5267 2243855.642 49464.14584 298061.1547 16342132.09 20251153.34 4202964.392 64075543.62 35603182.77 639717.5643 54369381.11 38412748.72 33158142.81 244009.6315 82596874.38 26686988.98 15327.87663 21536382.92 4112626.07 9974660.741 5185472.832 33489688.6 541839.9715 6707669.128 27564350.2 31452207.35 13390668.45 3821.771756 4773804.857 18568442.01 17826992.59 17466225.14 262624.3507 44752.18696 24846910.4 31079329.03 2638504.242 15976519.18 6520621.261 2939717.272 13899539.78 15535.43586 35790791.11 17527.50117 1055409.819 207398.8115 65958079.64 11828911.13 19745556.43 2668146.712 4674489.936 85431909.43 9435508.566 362664.694 304858.0502 35734840.71 12212560.08 41634219.89 4282582.803 5956658.136 10488015.9 13701907.59 659968.7901 3457619.256 56297073.11 365035.0025 7534451.663 59143315.74 1188734.018 
7870103.482 1724328.94 2067730.299 333521.7535 48790753.88 7506225.144 1325779.413 4950302.917 13034862.41 36385353.49 11607848.55 1647296.696 43698.13435 25920.602 21292331.45 2210569.522 33628488.91 53095714.67 231084026.4 252041.984 12807069.45 54316656.79 27516580.36 118384990 24278222.29 2912803.853 144713.4952 25616602.95 324634.2421 141870.9489 35964.41186 24026732.55 29700977.54 343849.6518 48627413.3 838257.751 54082369.72 54898897.35 18973919.39 47913990.11 34925619.25 25658359.44 282984.3963 19710321.85 191806069.7 77111901.98 35139255.63 5714979.231 35870134.36 2759114.046 198.9007726 53157024.74 31600354.6 569485.8618 12249474.48 4500343.168 1538260.769 3350011.815 532815.5604 154827.9341 604882.9673 65149270.27 13912560.51 19056115.61 8820793.676 62392327.96 71571644.46 488715.2533 905311.1494 46205932.32 48993574.79 7327924.132 3754477.922 23323891.24 188217161.6 65467.66902 19807744.62 725572.4503 1158665.226 100313.924 20156544.17 7312812.998 40430717.63 18957901.81 18976159.49 107841807.5 10105660.47 26832305.38 10737032.56 20059099.63 
# Events [PSD_cut/PSD_cut.dat] N:
85 90 97 81 86 92 82 99 90 71 83 91 73 86 66 91 75 72 99 68 91 81 81 94 95 76 90 80 89 84 90 85 100 96 91 83 84 103 77 81 78 74 105 105 79 97 82 85 81 88 90 84 87 86 66 84 90 97 87 94 87 76 93 86 87 87 78 64 84 93 97 98 79 85 93 106 80 78 122 77 86 74 64 76 82 92 86 104 83 78 
99 103 100 82 86 104 90 96 92 73 91 82 70 102 92 85 68 83 76 79 93 92 73 89 73 74 72 71 72 86 97 72 89 91 88 86 77 91 88 79 94 94 88 101 92 82 71 86 69 93 71 85 78 84 83 82 63 89 100 84 87 96 87 98 69 83 83 81 79 91 86 82 105 96 91 100 97 106 85 80 92 98 83 91 89 84 74 90 85 83 
84 92 68 80 89 71 81 88 99 83 89 82 79 84 93 87 77 88 74 86 78 92 84 81 99 70 76 100 82 86 83 91 79 87 76 86 79 85 67 96 98 78 81 75 84 80 91 84 94 70 94 94 92 81 93 80 77 89 93 93 80 93 81 77 75 67 87 95 87 79 96 81 76 77 98 92 75 84 88 88 91 84 94 83 75 77 93 95 86 89 
72 82 85 82 80 69 94 74 92 87 73 73 81 88 81 79 87 97 82 77 101 83 85 96 76 97 78 82 76 88 85 78 84 79 87 73 106 77 90 97 98 100 88 94 87 80 95 91 84 83 91 76 103 96 86 74 78 92 75 88 79 83 90 90 94 107 98 78 70 82 100 106 101 70 80 82 82 85 90 88 90 84 95 72 80 75 82 84 79 80 
69 83 105 70 67 72 83 88 85 84 103 101 77 87 84 90 80 79 88 80 93 82 80 94 85 78 74 88 81 89 79 107 89 95 80 86 80 73 72 85 88 89 84 98 90 72 94 86 86 60 77 85 95 73 66 82 97 106 70 81 74 96 79 90 73 78 84 75 66 85 71 89 97 86 75 101 78 79 81 90 85 93 93 82 96 87 78 80 81 79 
66 87 88 84 79 88 83 88 92 75 81 99 87 93 84 84 100 87 70 90 88 78 82 67 81 85 80 87 80 75 98 80 86 78 85 96 80 79 89 86 90 90 75 82 99 75 79 84 81 97 95 85 78 103 91 82 99 73 81 92 109 69 86 104 85 80 79 93 89 90 94 95 83 83 73 71 85 74 67 93 93 93 96 91 79 85 83 96 85 77 
86 81 82 88 87 71 85 85 67 76 90 95 82 87 89 84 84 92 93 88 98 80 82 93 100 94 89 86 102 87 69 93 95 76 84 84 87 76 92 89 95 91 91 69 87 93 88 89 79 88 92 90 113 87 80 85 89 83 81 94 83 83 81 83 93 81 83 77 82 92 93 94 82 89 89 74 95 74 97 82 87 82 79 78 87 82 76 95 77 87 
59 94 90 77 87 77 85 92 95 92 85 78 99 92 92 65 84 79 75 86 64 88 74 82 88 83 87 72 75 80 80 101 75 91 82 93 82 107 85 96 72 93 77 72 98 79 90 86 62 97 101 100 63 97 87 91 80 90 82 82 84 86 89 79 93 91 91 73 84 82 76 83 76 83 81 76 81 85 87 96 62 96 110 99 87 85 77 80 74 93 
69 84 71 88 93 78 85 82 80 94 84 88 58 91 83 75 84 105 81 84 71 105 91 88 86 95 95 74 85 83 72 96 99 90 64 81 98 92 79 94 100 87 90 72 75 83 78 84 66 83 64 91 69 88 66 75 91 91 73 75 101 98 105 87 87 93 90 73 78 86 78 75 87 82 90 90 69 70 70 91 101 67 75 81 89 63 85 93 88 81 
84 73 87 82 66 78 94 86 96 94 85 65 91 101 81 97 91 86 85 83 85 83 79 80 73 81 81 87 84 82 101 78 83 61 84 86 87 77 90 85 73 78 95 100 83 95 84 82 89 103 97 73 82 84 78 83 96 77 89 94 81 69 98 84 85 71 86 106 103 92 70 100 99 87 89 82 84 92 87 76 77 77 88 83 89 83 76 78 85 72 
67 89 75 97 92 78 93 123 91 100 95 95 71 98 76 78 91 92 76 76 79 108 81 83 92 86 77 91 70 98 87 90 80 84 83 108 93 91 73 93 97 93 78 85 87 91 79 82 81 84 88 96 99 89 90 101 79 63 85 88 88 102 73 73 93 76 88 76 78 77 73 63 80 86 96 96 94 112 86 82 92 86 66 79 70 68 72 71 82 93 
84 68 77 83 84 88 72 75 84 76 101 86 74 93 87 94 74 89 80 74 75 92 87 93 78 87 81 79 77 76 89 75 88 80 92 69 88 83 87 94 87 78 88 76 82 74 79 97 90 82 91 109 96 73 95 99 82 75 99 95 83 81 88 92 93 74 86 82 86 88 86 88 79 95 79 77 79 85 79 81 74 93 86 73 76 96 79 91 81 86 
95 83 91 73 96 82 82 91 75 83 71 80 91 88 80 77 82 93 79 74 78 81 85 76 86 96 79 78 86 91 79 104 92 89 67 86 76 74 83 79 86 97 76 78 95 75 89 86 89 79 99 81 85 73 75 106 87 79 76 82 80 81 101 88 89 75 89 77 73 62 78 94 80 79 76 99 101 97 83 89 92 79 95 75 79 75 83 74 70 102 
90 73 87 91 93 92 82 83 92 77 79 79 91 71 97 80 83 73 88 106 78 78 89 85 100 77 94 103 82 77 72 95 93 80 76 71 85 85 75 81 103 101 87 79 77 93 93 76 93 77 77 77 80 91 77 87 87 88 102 86 90 59 84 106 75 92 77 78 84 96 67 84 93 73 74 99 82 78 74 86 88 72 77 80 86 92 96 89 93 91 
89 86 103 82 77 86 99 78 84 91 89 80 79 99 91 87 66 85 72 82 79 83 70 96 88 104 95 91 69 93 68 75 84 79 76 84 81 74 105 79 98 86 85 88 87 80 88 86 96 100 82 81 84 72 82 94 79 81 71 83 94 78 76 84 93 72 79 98 77 87 86 94 90 90 90 64 82 75 82 95 84 66 78 75 83 82 86 88 87 84 
105 96 83 63 90 82 87 89 98 102 75 78 93 88 91 74 74 95 95 96 77 91 86 91 104 91 80 97 81 71 80 85 102 77 89 76 70 89 89 94 74 91 75 71 86 80 90 65 83 73 91 76 71 102 84 78 100 96 83 84 76 100 80 78 67 84 95 101 80 93 95 95 84 88 89 81 91 107 80 75 84 73 78 102 88 77 83 82 73 76 
100 89 74 95 95 89 86 86 80 84 80 86 88 82 101 104 89 82 85 95 92 95 91 83 79 91 70 87 83 100 83 87 93 81 87 83 64 87 83 89 83 99 81 93 88 80 96 89 76 68 100 71 98 92 72 81 95 89 80 80 84 70 86 79 72 93 80 94 92 85 88 94 101 79 103 89 77 89 92 83 91 84 77 85 71 75 91 103 90 97 
85 87 65 90 92 92 92 86 87 101 92 101 90 86 77 95 77 89 102 83 72 84 87 73 74 80 79 102 75 100 78 90 82 88 95 68 56 88 76 78 80 83 62 101 80 90 98 88 85 96 71 69 83 105 88 76 86 90 78 102 79 94 85 81 70 99 77 83 70 96 78 94 95 88 94 86 83 81 84 86 90 89 89 83 97 91 87 82 87 92 
78 81 90 86 62 94 96 94 77 103 98 90 95 84 92 87 89 85 70 91 96 86 69 84 92 71 79 95 82 75 82 79 75 72 82 81 69 72 74 59 84 83 88 90 97 95 88 80 94 86 87 91 78 80 81 77 102 75 73 92 82 84 86 79 90 79 88 73 93 85 96 90 98 88 76 78 88 85 80 89 105 80 76 80 72 92 76 85 88 83 
92 68 87 78 96 94 88 88 95 92 80 98 80 89 74 80 97 86 71 90 92 84 78 83 74 79 79 73 92 75 79 89 82 87 83 88 83 77 101 98 72 71 69 77 83 96 88 92 75 75 99 85 86 82 81 83 85 87 94 104 99 76 103 83 78 87 73 95 88 75 80 76 72 74 81 71 87 67 93 90 75 76 82 76 85 86 102 81 89 83 
82 88 85 72 75 97 81 99 88 93 77 89 71 79 99 74 85 82 83 82 86 104 88 90 95 90 85 81 87 92 108 98 68 81 93 86 88 103 78 95 88 87 78 80 58 98 65 92 81 91 92 86 93 84 88 80 75 73 87 85 108 71 71 75 82 78 75 76 83 96 78 82 79 91 87 81 88 84 100 84 83 79 77 87 68 96 86 81 79 76 
96 75 77 103 83 79 88 97 70 83 77 101 83 82 119 94 79 72 92 83 80 92 77 95 84 76 79 90 82 94 83 80 78 71 91 90 82 98 89 70 91 82 77 84 92 73 94 106 89 83 88 93 75 78 86 96 69 92 86 88 93 83 92 84 77 88 77 85 85 96 77 79 83 77 76 79 79 95 75 92 97 61 87 105 92 88 84 99 80 91 
98 83 98 93 74 92 83 89 83 75 87 81 96 70 87 70 83 91 68 84 90 71 85 83 80 64 99 96 90 83 75 104 91 86 90 80 88 83 84 65 95 92 94 80 97 83 81 79 75 79 96 95 87 81 86 105 78 85 74 99 88 88 70 94 81 106 89 77 71 71 69 105 81 73 87 90 88 87 90 91 89 94 89 92 93 83 88 81 114 94 
82 88 69 88 73 76 88 76 79 94 90 85 80 95 74 91 82 87 94 107 95 86 71 90 92 82 98 80 75 84 90 77 87 87 92 81 80 99 83 80 74 98 75 72 66 75 90 86 86 84 91 81 80 78 95 89 68 76 78 80 99 65 95 92 83 79 80 77 76 98 84 83 90 84 83 102 83 78 86 87 71 82 83 80 86 85 91 87 84 97 
85 89 93 80 91 79 64 83 66 86 89 79 91 86 80 82 74 88 86 83 82 82 79 95 79 102 83 82 88 87 83 80 95 80 105 98 80 102 75 94 97 91 100 89 66 76 83 108 89 88 91 90 75 82 96 87 71 90 95 89 74 95 77 84 84 88 74 80 95 88 95 70 86 86 85 96 84 78 78 65 82 79 85 103 90 108 73 107 87 77 
88 70 91 95 91 89 81 84 58 77 79 77 108 91 100 75 82 84 95 93 76 78 85 83 88 82 57 81 82 98 82 71 73 99 91 58 88 93 89 79 80 93 78 90 65 78 91 76 84 89 78 91 72 89 81 63 88 95 87 92 84 82 85 85 89 82 91 97 91 77 96 86 88 83 98 85 83 74 70 76 83 88 59 86 85 80 91 93 93 81 
76 73 94 96 98 103 81 84 93 78 81 72 69 90 80 83 105 87 81 95 78 91 81 79 88 82 82 79 78 77 95 82 82 70 91 82 101 87 71 83 99 77 88 85 91 76 90 90 81 76 77 91 94 86 92 80 93 81 84 84 85 81 95 96 89 83 67 86 94 80 84 97 64 81 99 65 88 99 81 84 76 79 74 73 85 95 95 90 74 90 
94 78 83 87 89 86 77 83 93 86 92 87 95 79 90 80 95 95 103 73 96 92 88 95 107 73 85 113 102 90 82 99 77 86 84 81 88 75 84 78 98 87 73 84 106 77 79 83 90 71 79 84 81 93 75 80 85 83 74 88 88 84 97 82 99 94 76 82 84 86 81 102 88 88 78 90 81 82 92 83 95 78 72 74 84 91 78 91 72 83 
86 95 75 82 103 90 88 99 93 83 76 77 69 87 84 91 104 78 67 83 85 87 104 93 85 80 101 70 85 80 81 91 96 74 99 88 85 93 93 81 87 82 84 86 82 83 88 87 82 77 82 73 70 90 80 85 83 74 91 71 87 86 86 86 83 76 80 100 100 89 81 94 100 90 92 82 90 72 83 75 77 79 72 82 86 87 93 71 95 83 
74 84 76 93 98 75 84 77 95 67 64 72 64 85 76 87 81 97 74 71 91 90 93 92 87 90 75 89 81 85 94 96 76 85 84 79 82 87 74 95 78 80 68 83 78 86 74 76 85 95 84 78 94 82 82 83 69 86 79 84 88 86 73 84 86 77 88 87 77 77 85 82 89 92 90 93 83 85 92 82 82 78 86 61 85 81 97 74 94 81 
84 84 97 94 79 78 70 85 67 74 91 63 82 104 89 88 97 83 89 103 77 90 87 73 103 93 83 74 78 84 79 75 81 78 87 83 82 89 99 96 96 80 70 75 87 104 71 97 73 96 77 79 80 75 84 113 75 88 75 85 84 89 82 78 69 86 86 91 86 90 78 95 83 80 93 85 82 94 89 89 91 94 94 76 92 77 80 94 81 78 
80 89 91 92 91 89 86 83 115 88 66 77 93 97 85 74 76 80 83 100 80 69 76 87 76 79 81 96 85 94 89 74 90 84 92 90 86 88 105 88 92 75 84 82 93 89 102 83 81 75 95 71 89 97 89 86 75 78 83 73 101 98 96 100 97 71 83 83 77 68 99 101 83 90 92 82 81 86 86 95 93 79 74 93 100 85 90 71 92 80 
82 97 85 92 83 69 87 88 91 92 83 82 99 94 79 90 80 78 67 73 84 89 78 92 79 88 87 75 84 96 85 93 84 87 69 82 73 75 88 109 82 72 84 78 94 67 79 93 74 86 85 95 92 78 75 77 94 86 77 102 89 92 84 84 85 89 62 78 87 94 85 85 96 77 88 99 76 96 87 80 81 94 111 91 81 89 82 87 94 78 
74 76 79 75 64 95 92 84 87 99 93 102 90 81 83 98 74 83 76 96 83 94 75 95 90 74 105 81 81 87 105 75 82 78 84 83 66 102 71 76 66 83 95 74 93 81 99 83 102 85 91 75 90 91 80 82 94 78 73 91 81 97 81 84 95 82 83 85 89 81 85 75 88 95 86 84 94 66 86 89 85 97 70 84 86 88 93 81 93 91 
81 82 68 87 98 79 86 95 71 94 84 75 90 83 73 92 75 79 84 95 78 84 98 73 89 77 73 95 80 92 93 83 88 81 87 82 82 66 100 71 82 96 80 74 82 79 89 90 71 87 88 80 73 76 83 82 78 84 94 78 81 110 86 97 89 74 76 79 90 73 82 95 84 90 78 87 98 107 74 95 73 81 77 83 91 101 90 82 86 69 
85 92 86 72 86 74 96 87 90 87 87 82 100 85 91 81 70 90 93 84 88 68 74 98 95 78 83 89 72 94 87 85 74 90 75 89 70 88 84 73 95 92 83 74 86 93 105 95 81 74 100 82 76 96 76 77 94 102 99 82 77 81 102 90 70 89 81 79 87 87 91 79 90 96 77 75 83 96 89 72 103 96 83 100 91 92 92 78 91 94 
68 81 81 89 93 84 86 81 84 83 87 82 99 87 103 86 79 94 82 81 96 72 77 91 79 74 78 92 101 88 79 80 92 76 70 82 91 92 91 100 77 59 87 85 105 73 67 81 91 73 84 69 82 94 88 95 92 89 83 94 86 81 93 99 86 92 97 98 79 84 81 79 81 75 89 87 88 76 73 85 77 77 88 68 73 68 88 91 81 103 
92 88 96 87 76 86 85 86 68 77 97 91 74 88 88 98 87 91 72 88 80 74 72 88 77 86 83 86 82 79 70 91 89 89 76 77 83 89 98 86 67 94 90 71 85 86 87 91 97 97 93 91 97 86 84 73 92 90 111 73 108 87 94 96 108 75 81 81 63 89 80 88 86 93 92 91 85 84 77 92 92 71 91 96 77 87 91 82 71 89 
76 83 71 94 72 83 75 79 71 83 81 62 75 88 81 86 86 78 80 85 81 84 91 83 91 66 80 89 77 94 82 75 79 100 96 103 83 86 75 109 91 103 71 90 97 87 76 83 68 99 86 80 88 77 91 94 97 85 86 79 84 80 77 86 112 89 83 91 80 81 77 73 92 76 92 96 102 102 93 74 78 94 80 91 98 77 95 90 69 78 
78 86 82 109 79 88 78 80 91 89 90 85 82 94 67 84 89 84 71 96 84 81 77 93 89 86 81 89 90 95 90 83 101 78 88 79 84 73 98 81 89 87 87 92 84 84 82 72 79 102 80 78 96 91 76 78 93 82 91 78 79 87 73 93 74 89 92 88 84 92 95 86 85 72 71 82 78 99 88 90 88 95 89 74 78 77 97 98 86 77 
100 66 80 75 78 98 76 82 70 72 95 91 75 92 101 94 82 94 83 65 80 89 91 66 68 89 75 92 79 88 88 88 83 92 99 76 83 76 91 86 94 82 91 89 86 81 92 71 109 89 77 86 93 71 84 87 87 75 80 90 87 94 84 82 93 84 92 78 91 82 82 92 85 93 78 83 74 87 91 95 73 87 80 92 92 84 63 80 95 91 
92 93 82 90 74 69 65 81 80 72 78 90 92 104 75 93 86 82 87 70 79 107 89 80 100 77 90 98 85 83 89 83 86 101 81 101 88 96 101 76 95 72 98 93 66 84 69 85 78 71 85 99 82 90 91 84 87 92 89 70 88 90 98 91 87 91 83 91 95 95 79 86 84 100 82 90 86 74 83 77 91 71 85 91 87 77 72 82 66 79 
82 72 86 81 94 94 93 77 77 79 91 77 98 86 73 92 104 78 94 85 93 62 83 95 99 79 75 94 92 106 79 89 87 92 78 101 79 89 99 79 80 85 91 91 88 80 89 100 91 80 96 111 98 77 92 84 76 82 90 98 88 73 72 91 86 90 94 89 91 78 90 86 85 79 66 93 87 80 86 94 72 97 88 86 73 78 80 87 90 91 
76 81 84 81 96 108 91 91 85 102 93 98 64 91 84 76 81 80 94 73 80 95 76 88 99 86 101 69 77 86 90 69 73 80 90 92 96 81 85 96 74 90 88 90 80 84 75 72 77 93 99 88 86 79 80 88 78 91 79 93 82 81 89 96 87 77 97 92 80 71 68 83 101 82 79 90 98 79 70 79 85 89 96 87 85 95 77 81 90 75 
86 100 86 92 86 77 90 91 98 74 70 91 85 72 82 93 83 75 81 83 92 85 89 75 82 98 83 75 99 84 73 86 76 79 81 93 77 59 81 95 74 102 83 72 107 88 77 92 89 90 79 76 94 94 95 88 97 94 92 84 88 77 98 95 95 75 81 79 89 79 81 96 73 97 79 81 80 74 98 88 95 97 72 93 92 78 90 86 84 86 
88 101 89 72 82 80 89 79 99 78 95 71 109 102 110 80 87 97 78 88 94 86 74 82 88 89 108 78 78 89 93 81 95 79 64 87 85 82 95 104 104 97 98 83 90 74 76 66 79 88 76 82 80 78 78 80 85 87 86 100 82 68 83 91 84 83 100 112 83 78 85 87 98 83 92 93 84 85 81 88 79 96 100 75 92 85 87 77 82 76 
79 76 81 84 79 101 71 87 75 74 90 85 82 84 76 92 76 100 86 68 92 77 93 88 95 100 93 82 76 87 85 96 75 86 88 86 80 91 69 87 80 97 96 84 81 82 71 79 95 78 70 93 99 99 74 92 71 93 92 106 85 88 70 87 101 75 94 100 86 80 81 82 91 93 75 87 92 90 82 77 90 76 79 95 92 95 78 89 71 96 
82 89 86 73 85 75 103 92 73 101 80 111 71 91 81 69 84 77 81 97 98 69 76 86 82 78 86 84 75 85 70 84 87 71 104 88 91 72 83 101 89 84 77 98 83 75 93 96 94 80 76 84 105 72 99 99 85 94 77 102 79 83 92 86 79 78 96 97 89 76 95 102 81 84 81 94 99 118 94 74 81 75 90 84 71 75 93 90 79 82 
79 98 80 86 77 70 89 83 88 98 69 90 92 101 78 76 72 88 90 86 96 86 90 90 86 79 85 72 86 84 98 86 93 96 106 78 80 78 107 82 88 72 91 80 83 90 82 79 90 81 95 86 77 85 76 79 86 85 103 87 89 89 95 75 86 83 78 90 97 94 99 108 87 80 75 81 96 91 81 79 73 82 95 84 89 76 75 75 87 82 
85 84 92 88 77 92 85 83 69 103 94 91 97 91 78 101 87 96 81 82 96 80 71 83 86 83 87 91 79 69 85 76 82 88 73 102 98 78 96 76 88 96 74 84 77 71 97 94 80 92 103 74 90 97 89 90 85 91 81 82 83 77 93 92 76 66 89 83 86 77 88 90 90 72 69 63 72 89 77 86 86 90 80 81 75 84 92 84 72 87 
90 82 80 91 74 87 94 89 91 90 69 87 117 78 86 86 73 86 89 78 73 65 84 89 100 82 70 88 85 85 86 99 95 78 78 86 90 86 93 91 85 83 99 92 77 88 76 85 89 85 61 78 93 90 91 75 83 90 73 102 86 73 70 69 80 90 88 91 95 96 84 88 97 86 84 82 73 69 100 81 75 86 74 87 84 87 75 105 77 77 
89 91 73 87 79 75 82 86 94 80 86 76 79 80 77 89 83 76 70 95 83 87 79 86 74 88 88 81 99 91 101 70 62 72 76 78 85 69 91 86 83 100 82 98 81 76 98 95 99 83 99 75 92 81 89 99 71 98 84 86 94 77 96 82 87 84 85 87 85 86 68 91 71 97 91 96 100 87 82 89 92 110 76 89 98 82 89 88 84 77 
87 93 71 80 100 112 89 85 82 76 88 88 83 71 85 76 93 92 87 94 90 88 94 83 105 77 68 90 87 82 81 100 84 77 91 75 85 85 74 96 109 81 83 85 81 88 94 93 94 99 90 82 83 91 71 81 83 92 74 97 89 92 82 76 87 112 86 102 72 81 78 98 86 72 83 90 93 72 85 92 87 81 73 72 84 89 96 90 99 85 
90 79 92 82 79 87 81 88 103 91 69 81 95 105 92 74 86 83 81 96 87 89 84 88 82 83 91 80 84 81 78 84 73 98 85 78 94 91 104 65 86 76 81 82 84 70 84 82 86 109 98 107 76 68 93 79 99 96 81 96 85 87 94 87 87 85 87 105 88 84 86 69 101 101 87 89 76 92 87 81 83 76 110 100 95 98 67 89 86 66 
83 87 93 95 101 78 100 75 102 77 103 89 89 97 66 87 77 75 82 79 83 90 106 93 81 80 98 73 74 60 83 90 91 91 86 94 88 86 76 94 93 71 81 94 94 96 90 86 95 75 80 87 87 90 92 82 82 88 93 88 85 71 93 77 94 81 79 82 78 101 101 74 75 88 72 78 101 93 84 88 92 83 84 95 77 98 79 82 94 73 
72 88 94 84 80 98 85 92 96 94 98 80 85 83 83 96 83 100 76 79 97 75 70 91 76 77 76 94 94 82 80 100 81 79 87 87 83 86 81 87 92 85 71 68 77 98 78 85 89 87 76 79 73 77 73 92 83 84 98 83 92 76 81 79 94 93 74 95 78 84 87 86 103 85 77 94 95 87 95 81 71 83 85 99 97 95 88 81 80 70 
80 82 95 89 73 91 101 89 91 85 73 79 82 85 121 77 70 66 89 87 84 86 96 79 95 96 92 83 81 85 102 90 89 92 91 85 76 70 98 83 76 68 87 92 92 88 97 88 94 94 91 88 84 100 74 91 91 106 108 89 86 73 81 86 81 95 92 76 93 92 85 91 82 74 88 79 84 83 85 107 77 76 83 88 89 79 85 74 90 95 
91 83 101 94 73 86 90 84 97 80 105 94 99 74 84 66 97 78 74 87 80 93 81 73 96 71 91 88 90 82 82 74 92 87 84 77 83 94 97 76 82 110 91 91 83 72 99 59 86 84 98 84 94 87 84 78 95 84 92 81 82 90 85 93 77 91 93 90 87 72 99 79 82 87 95 75 73 83 77 85 81 93 90 92 86 83 92 94 87 80 
80 82 76 89 90 85 100 76 73 86 93 81 73 88 98 87 89 86 97 63 101 95 85 74 86 77 90 79 81 74 110 64 96 93 81 77 80 87 88 77 78 102 79 83 97 80 81 67 65 88 90 89 94 71 85 86 73 87 97 75 69 82 90 88 101 104 69 102 79 80 92 86 84 82 83 87 90 99 97 80 78 108 89 82 80 112 79 86 76 70 
94 82 91 81 69 73 65 93 83 88 92 78 96 72 79 85 65 72 86 94 91 69 85 86 78 83 80 91 87 82 85 89 91 80 95 91 77 76 108 89 98 81 83 80 94 76 71 80 100 62 81 81 95 72 70 90 81 87 91 97 84 83 86 98 87 106 92 76 90 83 84 88 86 85 98 75 90 76 96 76 73 87 83 106 82 84 87 88 82 93 
86 86 87 96 95 96 106 73 85 68 71 98 109 81 82 82 96 95 101 71 75 83 93 84 72 81 98 71 90 73 91 78 73 82 89 83 78 96 80 78 99 88 81 86 82 90 84 101 89 77 77 83 85 79 84 83 84 85 93 101 85 86 80 77 68 87 87 77 106 69 78 86 100 91 90 91 88 96 83 84 88 87 87 88 92 83 95 107 73 80 
71 81 89 87 81 79 88 77 69 101 100 89 99 89 77 103 94 90 84 83 70 96 74 83 78 84 90 94 97 106 87 76 87 88 98 71 100 85 90 85 86 85 91 80 84 99 75 62 96 83 86 91 69 82 88 88 79 98 74 96 100 80 97 89 78 83 100 81 79 111 82 91 88 85 74 87 67 73 83 83 86 75 77 73 83 90 86 83 82 80 
86 86 82 84 88 89 84 88 99 86 80 89 76 78 94 87 98 106 86 88 84 77 89 83 81 84 80 76 79 86 99 91 100 69 92 104 85 82 87 91 85 93 84 79 79 94 83 71 74 94 84 69 71 88 102 96 80 84 97 88 70 81 83 74 105 93 71 92 75 89 78 85 79 83 77 81 88 74 68 89 76 90 91 88 83 80 88 88 83 91 
78 88 86 85 77 97 90 96 71 89 82 86 91 85 81 90 72 73 65 80 89 72 79 94 102 107 99 90 88 97 86 89 99 82 87 86 100 94 74 94 80 81 92 81 94 86 88 86 91 88 72 81 98 76 92 87 79 90 83 76 86 92 77 83 72 96 83 92 81 90 94 81 87 94 94 77 74 71 96 80 86 68 81 88 82 71 83 82 79 82 
78 62 92 83 83 59 82 80 72 86 86 70 70 85 84 75 86 82 82 83 75 81 82 85 86 78 73 89 85 81 95 94 76 99 84 87 93 90 69 84 81 94 80 92 97 76 87 76 69 89 91 97 86 94 93 81 71 79 92 93 81 81 85 76 85 92 85 95 93 88 88 78 105 90 100 101 100 72 92 67 98 93 84 93 71 84 93 89 69 89 
87 83 107 74 94 84 89 90 94 76 70 82 92 81 70 90 90 91 103 75 97 79 91 75 67 99 82 79 97 100 96 82 83 92 94 90 84 75 91 93 88 75 88 83 80 100 87 76 96 89 79 75 74 70 89 90 75 107 85 90 76 99 80 85 80 91 91 98 88 91 106 87 87 76 93 82 82 79 85 91 83 86 93 80 89 87 79 76 81 77 
85 87 80 95 94 77 94 83 81 73 94 75 83 80 80 83 85 76 103 99 84 81 73 86 93 97 80 82 82 79 100 81 85 73 84 90 89 88 93 80 80 71 95 85 89 71 85 87 73 83 86 77 81 78 107 85 85 83 72 91 100 100 81 92 86 100 84 83 88 85 89 89 91 88 68 85 83 87 89 84 71 85 74 81 79 103 86 92 73 78 
82 78 85 79 96 77 93 80 94 81 86 87 73 87 99 80 69 90 84 71 77 81 69 87 90 93 87 88 85 101 83 70 88 86 92 83 89 77 79 92 98 87 92 83 74 86 82 78 87 96 98 94 97 86 86 91 79 93 101 79 76 86 88 78 105 89 82 70 88 94 97 85 71 83 100 90 80 76 92 91 101 74 93 84 85 84 94 82 84 82 
82 93 98 89 92 76 104 84 80 92 78 88 87 101 95 83 95 75 70 83 79 92 97 83 90 76 75 78 94 91 93 92 93 88 78 101 80 87 84 85 90 82 87 82 71 86 85 98 78 79 77 80 83 92 76 87 70 87 82 79 95 101 80 80 75 78 87 79 73 91 88 85 72 91 68 73 97 86 89 86 71 83 95 87 89 92 100 85 75 80 
66 91 80 87 82 87 83 94 88 78 91 84 72 74 96 88 76 99 101 88 84 84 91 86 71 101 86 102 93 84 82 83 99 82 84 90 78 80 90 87 77 107 80 89 88 85 71 88 86 86 70 79 82 89 82 77 68 93 81 70 79 88 91 83 84 91 94 71 94 75 84 92 67 88 94 77 83 90 89 86 88 72 87 69 90 82 88 88 87 96 
74 96 90 87 101 71 84 83 101 82 76 76 81 82 89 93 90 90 90 75 77 81 100 101 92 95 78 90 85 97 91 83 83 89 91 88 77 87 92 86 93 76 88 95 83 78 95 84 85 89 85 77 84 86 70 99 108 97 86 87 94 63 91 81 88 89 93 74 92 73 91 78 71 76 83 85 72 105 83 65 92 91 84 74 72 70 84 77 87 88 
84 85 82 70 79 85 82 102 96 70 88 83 83 88 76 79 77 78 81 90 81 72 79 82 80 84 86 68 84 85 81 72 74 102 74 89 101 90 95 70 82 89 101 103 87 75 79 89 71 76 92 91 78 90 89 94 87 100 90 76 102 78 82 89 73 93 105 83 88 104 95 87 96 87 86 73 90 99 81 90 82 104 85 83 75 84 83 73 80 68 
84 81 89 81 78 90 85 94 78 94 80 93 81 101 75 89 72 104 79 81 96 86 85 86 106 84 95 87 93 108 86 86 85 99 76 77 72 67 78 89 92 97 99 91 95 78 86 74 68 100 83 88 75 79 72 109 84 77 74 90 78 82 91 90 85 69 75 83 75 78 86 88 87 74 84 81 79 87 79 87 79 90 82 87 88 76 78 98 99 92 
103 91 81 90 102 87 95 90 70 77 80 95 79 89 76 85 83 90 84 75 75 95 104 80 99 97 92 90 89 82 93 100 73 83 82 66 80 78 85 86 78 86 84 65 94 90 74 84 76 93 95 92 90 98 79 93 73 78 88 107 76 84 68 90 81 74 80 110 84 91 84 69 62 88 94 98 89 78 73 89 82 77 76 82 96 77 71 76 95 69 
83 84 63 76 96 81 87 67 99 95 85 76 65 90 91 97 80 76 78 102 80 77 77 93 116 79 92 75 87 85 99 74 98 101 73 73 90 109 94 101 83 101 87 81 92 81 98 76 86 91 108 99 93 84 91 96 93 96 71 98 78 83 73 92 83 81 83 95 105 89 106 103 83 93 91 78 87 82 95 78 75 97 78 81 97 71 88 83 92 83 
74 95 90 68 70 79 101 93 92 90 83 78 79 88 91 65 85 81 83 89 91 84 98 103 72 117 80 73 81 91 77 90 96 103 99 108 91 98 88 80 75 71 83 73 83 92 83 88 91 81 74 88 79 86 88 89 81 71 75 99 93 77 97 90 93 86 69 83 84 90 92 83 86 91 79 93 93 77 86 89 90 83 81 85 77 95 92 81 77 89 
81 86 78 98 91 64 106 84 81 85 103 82 83 100 92 98 82 76 68 79 80 81 80 82 93 80 82 95 81 71 88 75 90 92 91 75 84 84 86 67 87 89 84 81 95 76 95 62 92 97 86 85 102 72 72 83 87 78 90 85 80 74 83 74 90 72 90 68 93 83 94 91 85 83 78 83 67 85 80 98 81 88 91 75 83 89 86 69 83 98 
84 88 95 71 105 107 94 81 92 72 83 98 75 83 75 84 85 71 84 82 95 71 95 89 90 76 107 92 90 78 83 87 95 96 82 89 100 76 75 78 91 96 87 81 90 99 90 95 83 91 92 88 83 75 88 103 95 82 72 69 87 75 72 91 86 91 97 80 99 70 73 92 79 75 73 80 78 96 110 82 92 72 79 79 80 83 86 81 77 90 
89 86 85 76 76 97 92 96 86 79 78 81 84 104 87 70 84 86 76 92 86 65 107 99 85 85 73 76 94 79 106 82 79 87 76 83 95 88 98 91 78 92 102 91 94 85 93 86 86 86 88 67 79 89 90 67 77 103 79 97 80 84 94 67 91 85 70 90 84 88 88 77 84 91 95 81 90 89 79 76 88 99 84 83 89 86 82 84 90 85 
107 80 89 72 75 70 63 77 88 92 84 85 76 96 88 98 87 90 96 101 82 93 86 92 81 75 95 88 73 89 84 97 83 95 78 87 93 92 80 85 97 87 78 76 75 79 74 79 77 88 100 86 85 101 85 87 88 71 76 76 77 97 96 93 89 84 82 83 78 88 78 88 63 102 87 99 80 63 103 89 95 91 96 117 80 83 105 83 78 95 
75 85 80 70 75 74 65 78 92 76 86 89 97 82 88 99 91 92 65 75 91 73 79 77 88 97 85 81 86 86 88 84 90 77 82 99 65 89 74 96 77 95 104 86 77 78 88 77 92 84 107 76 93 87 82 93 95 101 96 90 75 89 100 89 96 79 78 80 86 85 86 83 82 92 79 103 81 100 93 79 90 75 80 110 87 103 82 89 81 97 
88 76 85 79 84 78 72 77 71 88 70 85 84 92 83 82 78 96 94 94 86 91 86 89 104 93 96 85 90 86 98 78 94 80 77 87 79 101 91 75 85 87 73 75 101 85 109 70 74 79 76 79 83 73 81 98 91 81 89 81 85 100 85 75 87 84 72 94 99 95 87 79 74 77 83 85 94 94 102 82 74 87 87 80 79 76 84 74 72 85 
93 83 100 70 81 90 80 94 72 84 102 88 94 71 82 97 78 80 66 97 73 81 64 78 85 93 91 95 77 91 90 80 102 77 93 88 83 87 78 78 75 72 83 84 81 91 94 95 84 80 93 87 82 78 87 90 75 82 106 94 85 75 98 95 103 100 89 87 91 76 77 82 92 95 72 89 85 79 103 95 91 90 77 78 83 99 79 102 91 94 
93 65 84 80 81 76 80 90 89 94 96 83 84 92 79 91 105 77 94 91 98 71 91 77 81 101 115 87 109 73 74 90 89 84 76 86 94 96 91 73 85 97 76 80 81 76 85 75 88 91 59 76 83 90 87 84 89 88 82 109 71 88 86 85 74 87 87 71 75 86 90 71 84 68 90 87 104 72 86 84 80 90 87 79 71 92 87 93 98 85 
94 85 99 91 77 82 94 81 97 75 77 86 79 76 90 79 84 79 101 94 86 82 99 83 84 76 90 92 93 66 83 84 107 81 74 65 82 79 65 90 77 102 88 89 89 84 78 65 70 86 92 85 91 81 94 80 80 86 100 83 88 105 81 77 94 93 87 94 66 83 71 88 85 75 84 88 82 87 82 81 85 94 70 86 84 98 74 103 95 100 
75 80 88 79 83 84 83 77 115 79 89 87 72 83 81 96 95 88 112 86 91 87 94 79 95 70 85 87 91 98 97 83 88 84 92 75 87 80 85 76 73 80 87 74 80 75 87 91 88 90 91 82 86 92 82 90 111 74 77 78 72 89 71 89 80 96 71 96 88 78 69 75 77 95 98 87 79 77 84 85 69 100 75 82 75 87 83 91 87 106 
98 83 95 80 92 90 104 83 81 82 93 82 97 85 91 93 81 78 84 94 80 103 97 82 87 76 94 100 65 103 93 85 89 100 71 89 82 81 89 91 92 88 80 82 67 83 80 89 83 95 96 84 85 80 78 101 76 73 90 98 72 90 89 79 91 89 98 80 83 79 72 81 84 81 92 79 83 95 71 83 85 92 64 83 79 81 87 77 100 86 
85 87 96 90 73 82 76 79 97 93 93 90 78 85 106 102 83 85 78 81 82 90 90 77 82 80 85 81 94 75 93 68 85 82 83 84 96 67 96 106 78 80 88 83 98 85 78 85 96 80 91 102 97 84 90 76 92 75 96 83 85 79 88 96 106 96 90 97 99 79 92 77 82 90 95 92 80 100 78 85 85 93 86 101 80 82 89 75 72 94 
82 84 80 83 93 76 93 91 91 80 101 80 85 96 86 89 97 103 99 94 81 84 93 79 87 83 102 76 85 101 81 88 84 100 102 89 90 79 85 90 75 85 87 87 74 82 81 96 76 91 91 80 79 99 74 89 104 79 75 105 85 83 93 71 88 79 76 81 92 78 88 88 86 87 74 94 78 69 89 77 87 81 90 79 82 84 83 86 73 84 
90 93 65 88 89 76 80 69 67 86 81 88 81 73 99 88 97 81 73 100 87 96 89 91 76 89 92 87 95 71 79 73 79 96 90 82 93 89 87 91 92 68 81 93 79 70 91 76 83 90 96 82 103 82 85 80 91 87 99 89 74 94 86 78 87 99 87 92 77 72 77 79 85 81 76 85 86 78 86 72 104 81 96 84 87 99 99 98 87 92 
